# Blender 5.2.2 LTS
# www.blender.org
mtllib Skull.mtl
o FullSkull_Default_OBJ.002_0
v 0.388194 -3.720531 10.075850
v 0.002798 -3.798301 9.840460
v 0.001628 -1.915097 8.472740
v -0.382722 -3.720551 10.075836
v -0.143675 -2.877889 8.318799
v -0.191459 -1.474074 7.817252
v 2.456166 -9.564997 7.434773
v 3.988308 -9.882111 5.676238
v 3.579589 -8.611220 5.629979
v -2.461008 -9.565442 7.435196
v -3.584734 -8.610857 5.629776
v -3.997300 -9.882446 5.676336
v 0.720430 -3.490779 8.942826
v 1.547531 -5.915641 9.938873
v 0.001549 -6.003273 10.293929
v 0.753777 -3.734582 9.877665
v 0.002746 -3.788685 9.892971
v 0.431871 -4.512873 9.896925
v 0.596177 1.599716 9.063186
v 0.295681 0.154572 10.419940
v 0.002442 0.251192 10.442146
v 1.716622 -4.359020 9.452726
v 1.652562 -3.177775 9.392802
v 1.403358 -3.627564 9.667129
v 1.028225 0.981138 8.930292
v 0.977289 -5.984624 9.206074
v 1.317127 -5.776592 8.843475
v 1.424758 -0.194094 9.228605
v 2.097260 -1.338171 9.012477
v 3.230269 -0.720105 8.552775
v 0.119008 -2.846893 8.360009
v 1.309850 -3.631351 9.686111
v 2.800713 -1.862991 8.439384
v 3.351676 -2.051956 7.884521
v 4.550821 -1.428076 8.337583
v 0.665270 -3.629615 7.962726
v 2.679462 -2.924677 8.092331
v 3.208603 -3.778045 7.746388
v 3.998033 -3.342612 7.734516
v 3.918172 -3.795878 7.236575
v 6.008762 2.420338 7.428224
v 5.606702 3.993665 7.084359
v 5.985460 2.575698 6.719591
v 5.499885 -2.669625 7.585536
v 5.470253 -1.846068 7.925760
v -0.099929 -0.792951 7.359245
v 0.188743 -0.926051 7.167246
v 0.350356 -0.107240 8.129647
v 2.837529 -1.043370 7.157666
v 3.364710 -1.158039 7.396344
v 4.445817 -0.596565 7.256747
v 3.939389 -0.663848 7.744650
v 4.586741 -0.354266 7.509659
v 4.451347 -0.556458 7.240329
v 4.137942 -0.592342 7.572702
v 4.719532 -0.815316 6.651064
v 0.543671 -2.782902 6.947863
v 1.485138 -2.518853 7.251585
v 1.094807 -2.784243 6.828525
v 6.557388 -0.242935 6.622110
v 6.244069 -0.715537 7.376218
v 6.062305 1.676069 6.562671
v 2.526299 -0.049572 6.700778
v 6.091838 -1.240856 7.278698
v 6.863463 -2.837174 5.054621
v 5.500503 -3.689796 6.119976
v 4.756026 -3.438743 7.369123
v 1.816113 0.626051 6.752035
v 5.407227 4.024894 6.193392
v 6.099271 6.477334 5.702252
v 1.428787 0.975290 6.610945
v 1.348920 1.307783 7.619885
v 1.654567 0.212834 7.169400
v 1.741839 0.685798 5.968587
v 5.217782 0.831126 6.840249
v 5.089629 -0.083577 6.407517
v 3.204211 -0.339577 6.363183
v 4.793284 2.557954 6.404279
v 5.137218 1.115569 5.673348
v 4.564192 1.991424 4.997357
v 5.598594 1.345878 5.941506
v 6.358603 -0.109269 5.712377
v 5.142924 -0.443496 5.984915
v 4.992678 -0.120222 5.792042
v 4.021604 -0.830447 6.804727
v 2.803174 0.328201 6.118527
v 2.521536 -0.214076 5.271989
v 4.993610 -2.147513 5.243691
v 4.402281 -3.010474 6.223221
v 6.579113 -0.031725 5.834493
v 6.797262 -0.802412 5.641994
v 5.394118 -1.157713 5.618296
v 4.872673 -1.692163 4.999804
v 4.725247 0.964779 5.220764
v 3.766367 -3.010473 5.377901
v 3.946041 -2.761016 4.590338
v 3.268368 0.410140 5.163154
v 4.074897 2.909085 5.998070
v 5.740395 -1.204139 4.958344
v 5.178494 -1.548493 5.047397
v 6.636652 -0.615513 5.135027
v 5.753845 -1.409130 4.400694
v 5.365371 -1.629967 4.763824
v 5.254068 -1.624231 4.744750
v 5.785933 -1.678106 4.240881
v 4.929203 -1.729989 4.946238
v 2.515699 0.344696 4.454465
v 1.844952 0.616787 3.894938
v 4.485028 -2.316042 4.458189
v 5.114204 -1.440168 3.606490
v 4.892057 -1.648786 4.162166
v 4.836115 -1.721995 4.601815
v 3.818216 -2.810300 3.081924
v 2.351681 -5.404881 3.682736
v 2.557418 -5.388216 3.478758
v 2.406745 -5.366135 3.617458
v 1.594468 -3.367440 3.684199
v 0.922795 -3.132226 4.082535
v 1.744498 -1.788049 2.587896
v 3.269418 -5.595742 3.673373
v 2.873266 -5.395049 3.350162
v 0.771113 -2.010646 3.217378
v -0.013825 -0.948851 3.100278
v 0.000712 -2.185823 3.254673
v 1.501450 1.672545 3.033062
v 2.162625 2.177397 3.313620
v 6.304640 6.330714 3.670874
v 1.504276 0.839500 2.590397
v 2.773948 1.625868 3.005383
v 1.653642 1.338391 2.376256
v 1.297107 1.156885 2.537588
v 4.085219 -1.815765 1.343003
v 5.773732 -0.763799 2.470276
v 3.374906 -2.788267 2.500195
v 2.529116 -2.406110 1.793427
v 2.817205 -2.726288 2.144772
v 2.560753 -2.471316 0.967931
v 6.700050 -0.709756 0.686174
v 6.453029 -0.922528 0.897730
v 6.648868 -1.159431 1.280092
v 7.230401 -1.301822 1.774363
v 6.907848 -0.838457 0.673957
v 6.562552 -0.381252 0.777858
v 6.852480 -0.220449 -0.327838
v 6.111363 -0.719258 0.740793
v 6.700050 -0.709756 0.686174
v 6.609297 -0.958135 0.779357
v 6.666282 -1.185991 1.279895
v 6.704676 -1.291952 0.759922
v 6.440295 -1.111301 0.734772
v 6.465213 -0.970538 0.852652
v 6.227039 -0.787219 0.791214
v 1.264925 -2.116684 0.132290
v 1.737505 -1.519603 0.966557
v -0.007116 -0.665097 1.634655
v -0.002189 -1.593066 0.462566
v 5.039785 -1.819664 -0.357638
v 6.927343 -0.844049 0.662314
v 6.985051 -0.413795 -0.862424
v 6.546248 -1.258167 -0.578880
v 2.488160 -2.709249 -0.129518
v 1.995989 -2.192826 0.349824
v 6.783375 -1.313183 0.741409
v 7.118220 -0.952773 -0.617252
v 1.582568 -2.911198 -0.809224
v -0.000822 -2.599228 0.113123
v 0.621865 -2.534543 -0.390516
v 6.864817 -0.882047 -2.223411
v 6.497555 -1.286246 -1.165174
v 4.908028 -2.152014 -0.955196
v 5.542423 -1.244429 -0.560418
v 5.719855 -1.978314 -1.128098
v 4.014834 -2.785099 -1.163117
v 3.546578 -3.623970 -1.717927
v 5.114741 -3.331712 -1.451015
v 6.166086 -1.189506 -1.493256
v 6.461049 -1.188823 -2.002884
v 5.587890 -0.792568 -1.922242
v 5.032549 -1.052758 -1.798970
v 5.069149 -2.703835 -1.501695
v 5.342862 -2.980747 -2.182485
v 5.479465 -2.979792 -1.380484
v 0.268487 0.280345 -2.012396
v 1.258443 -0.977498 -2.398240
v 4.911920 -1.509238 -1.944425
v 5.774226 -2.688357 -1.839720
v 6.050885 -2.488816 -2.251270
v 5.905259 -2.103948 -1.736950
v 5.728670 -2.086429 -2.357708
v 5.143026 -0.843755 -2.384018
v 5.820368 -1.603457 -2.555381
v 6.052622 -3.404513 -2.736358
v 6.327069 -2.776223 -2.488239
v 5.754321 -3.538165 -3.408511
v 4.792893 -1.231826 -2.437947
v 6.738866 -1.445102 -2.698541
v 6.791209 -0.276405 -2.628324
v 5.793528 -2.803711 -3.284605
v 5.198267 -3.496344 -3.308334
v 4.845149 -2.693098 -3.723200
v 4.377396 -2.341719 -3.692034
v 4.740956 -2.150081 -4.891269
v 2.788007 -3.500992 -4.355083
v 4.392592 -1.637189 -5.320697
v 2.092118 -2.771891 -6.361623
v 6.382799 6.479551 -5.246523
v 5.120743 8.927194 -4.911427
v 4.228544 7.869448 -6.665056
v 3.320053 -1.524253 -6.889256
v 2.906459 -0.315040 -7.975541
v 4.381251 -0.157755 -7.282104
v 5.373267 -1.087604 -5.542846
v 5.544000 -2.862790 -4.368913
v 6.031618 -1.309511 -4.365984
v 6.794305 0.648082 -3.966648
v 6.107471 0.994765 -5.972070
v 5.255427 0.253116 -6.733488
v 2.953271 0.589627 -8.689110
v 2.370003 -1.877732 -7.634605
v 0.698991 -3.685969 -6.364567
v 1.663627 -3.536438 -5.184038
v 3.104326 -3.581085 -3.668909
v 2.888113 -3.635664 -2.704144
v 2.467718 -3.483285 -4.040905
v 1.785875 -2.152362 -3.046700
v -0.002213 -2.307514 -0.391280
v -0.004811 -1.787134 -0.402804
v 1.007800 -1.722305 -0.797091
v -0.011315 0.329289 -1.961826
v -0.004354 -1.197453 -4.101648
v -0.009211 -2.834446 -4.222389
v -0.011424 -3.447252 -4.540745
v -0.015593 -3.944235 -5.878572
v -0.018634 -2.992078 -7.355517
v -0.023647 -0.209769 -8.796882
v 1.331576 -1.839921 -8.137104
v 1.312243 -0.035882 -8.703439
v 1.466381 1.172853 -9.334586
v -0.027477 2.236956 -9.554708
v 1.152909 5.980249 -8.918281
v -0.029062 7.110817 -8.764154
v 0.935845 8.933998 -7.739881
v -0.029630 9.291329 -7.457318
v -0.025330 11.393797 -3.707131
v 1.349899 10.643453 -5.254966
v -0.020053 11.841020 -1.367537
v -0.014882 11.830136 2.309505
v -0.013368 11.284805 4.321527
v 1.692625 11.452728 3.276022
v -0.012255 11.009623 4.914718
v 0.967037 9.069759 6.822237
v -0.001445 5.340060 9.024127
v 1.074100 3.513420 10.054622
v 0.000745 3.173816 9.752162
v 0.543550 2.190686 9.433727
v 1.800734 3.011876 9.717392
v 2.551805 3.319888 9.294415
v 2.469089 3.012665 8.914197
v 1.903014 3.139059 8.570424
v 4.573736 2.951553 8.695496
v 4.449201 2.853943 8.041182
v 4.439342 2.875342 8.050117
v 2.407946 3.126825 8.496145
v 4.861362 2.666484 7.599520
v 5.055915 2.075342 7.277836
v 5.177036 1.590360 6.979546
v 5.166548 1.602106 6.995437
v 5.039252 2.449495 7.402973
v 5.242790 0.873155 6.823232
v 5.157675 0.589882 6.946887
v 4.937867 -0.399831 7.626887
v 4.064001 -0.792936 5.911179
v 2.869237 -0.160849 4.922877
v 3.224694 -0.615103 8.057541
v 2.827082 -0.993916 7.674808
v 1.381265 1.177263 8.203653
v 1.201486 2.307035 7.649971
v 1.161426 2.319929 8.262278
v 0.852528 1.792619 6.798453
v 1.381358 2.213533 6.124612
v 1.137042 0.773700 5.188411
v 1.233590 1.382249 4.575017
v 2.430176 2.267408 4.585171
v 2.647980 3.087753 5.677343
v 3.221716 2.082222 4.085688
v 2.187157 0.772838 2.871439
v 2.790557 0.768143 3.475766
v 1.314202 1.096418 3.603390
v 1.143676 0.766409 4.349195
v 3.553447 1.656872 4.275671
v 2.376698 3.191211 6.824486
v 1.895137 3.239843 7.866167
v 1.534590 2.879030 8.492648
v 1.222279 2.447860 8.829139
v 1.260856 2.588725 8.336962
v 0.110158 1.872800 9.124811
v 1.273855 1.341412 8.229699
v 1.758691 0.400900 8.049047
v 5.424299 -1.316619 7.897015
v 7.174665 -1.605928 5.039820
v 7.514580 -2.214899 3.761233
v 7.153769 -2.570307 3.611805
v 6.592462 -2.529461 3.898020
v 6.685825 -1.410561 1.371233
v 7.336328 -1.778294 1.348155
v 6.881055 -1.358606 0.659700
v 7.058249 -1.319532 0.479301
v 7.126235 -1.293009 0.450325
v 7.276051 -1.224913 0.448991
v 6.945088 -1.208252 2.007339
v 6.449224 -1.305887 2.276133
v 6.539443 -1.319507 2.042423
v 6.111765 -3.247472 5.245301
v 4.338335 -3.514206 6.986232
v 3.259240 -4.828469 7.107164
v 3.488749 -4.292951 5.892610
v 3.382341 -5.538611 5.186789
v 3.432232 -4.040685 3.531509
v 2.590886 -5.795315 4.147169
v 3.024746 -5.819232 5.517168
v 3.071665 -5.860466 6.308470
v 3.055634 -5.027706 7.799494
v 2.467651 -5.734427 9.029718
v 2.857919 -5.942638 7.805231
v 1.731357 -5.986508 8.813331
v 2.370441 -6.133417 6.089181
v 2.161213 -6.042072 6.068572
v 2.272276 -5.742226 4.990629
v 2.265402 -5.770033 5.307779
v 2.118806 -6.049069 5.976881
v 1.941142 -4.734426 4.546288
v 2.276950 -5.543180 4.234989
v 1.713104 -4.879378 6.071320
v 0.854845 -4.010556 5.976707
v 0.869868 -4.411926 7.388063
v 1.942884 -6.008978 7.153799
v 1.478361 -5.137587 7.845122
v 1.955904 -5.961282 7.281495
v 1.820380 -5.816252 7.987792
v 1.689368 -5.809777 8.240570
v 1.159073 -6.137456 9.521249
v -0.021684 -6.160896 9.722613
v 0.528498 -5.785106 10.411909
v 0.001715 -6.033676 9.469070
v 0.001373 -6.049279 9.444526
v 0.721641 -6.048335 9.364057
v 0.003570 -5.179797 9.176142
v 0.742985 -5.307125 9.026281
v -0.000335 -3.998791 6.612339
v 0.000596 -2.934788 4.071905
v 1.301864 -5.772187 8.866115
v 0.705329 -6.065413 9.358878
v 0.988544 -5.980222 9.198637
v 2.377440 -4.260673 2.957788
v 2.493320 -3.317039 2.468824
v 2.400050 -2.473450 2.254127
v 3.410589 -2.829757 2.459942
v 3.758440 -2.737206 3.138444
v 3.442220 -3.572562 3.942574
v 3.947780 -2.808276 3.848036
v 3.973861 -2.812587 4.597922
v 2.280988 -5.571173 4.458409
v 5.753845 -1.409130 4.400694
v 6.055002 -1.294303 3.826207
v 6.044696 -1.285376 3.818081
v 7.245407 -0.782975 3.763333
v 3.268583 -0.576119 8.241957
v 2.964693 -0.490490 8.072523
v 2.539110 -0.168523 7.997319
v 2.230958 0.047122 7.993866
v 5.939497 0.704922 6.993840
v 5.759530 1.556506 7.122181
v 4.588985 3.467161 8.836926
v 3.884611 5.223084 8.452294
v 4.973744 5.379368 7.573359
v 5.705313 2.645781 5.640771
v 4.821983 -1.719183 4.614487
v 4.487822 -2.303050 4.458937
v 4.836115 -1.721995 4.601815
v 5.112640 -1.434400 3.599585
v 4.892057 -1.648786 4.162166
v 6.267940 -0.023373 2.844326
v 5.569510 -0.646017 2.570766
v 5.443982 -1.018394 3.055467
v 5.863109 -0.581794 1.828397
v 5.976020 -0.619940 1.096974
v 5.461214 -1.169616 -0.064766
v 5.840541 -0.554382 1.806207
v 7.001391 1.035342 0.401081
v 7.513861 2.622505 -2.057354
v 5.194449 -3.452277 -3.840956
v 4.979241 -2.187532 -2.178836
v 7.401214 3.461719 -3.540536
v 5.517890 1.956853 -7.201797
v 6.681723 4.310010 -5.137567
v 5.117033 3.912466 -7.547129
v 3.824895 3.675395 -8.567622
v 7.479199 4.787554 -2.035891
v 7.509976 3.286498 -0.603103
v 6.447096 1.598836 3.595544
v 7.014524 4.662437 1.935712
v 2.174318 7.374179 -8.160508
v 2.651888 4.108777 -8.922478
v 3.891255 8.829487 -6.241978
v 4.958263 9.768022 -3.526587
v 5.803954 8.665291 -3.911542
v 6.262690 8.469366 -2.208141
v 7.019000 6.558270 -0.968071
v 6.727479 6.537267 2.003373
v 6.210037 7.966714 3.584366
v 6.074800 8.801468 1.132586
v 3.590904 10.484729 -4.443263
v 1.955453 11.401787 -3.098768
v 2.885132 11.383029 -1.311430
v 4.716342 10.318641 -0.160464
v 2.928009 11.227009 1.721696
v 4.304015 10.464664 2.922688
v 5.140882 9.625851 3.295856
v 4.900099 9.215094 4.863018
v 4.664929 8.102678 6.382435
v 2.838424 10.524590 4.778277
v 3.060888 8.066027 7.444353
v 1.619763 5.898514 8.832613
v 2.015006 4.356970 9.710373
v 5.247861 2.649445 8.006118
v 1.458402 -3.305142 -4.696871
v 1.293295 -2.430767 -3.942994
v 1.113446 -0.997147 -3.129552
v 1.670165 -1.824902 2.545081
v 0.979616 -1.220279 2.919108
v -0.003610 -0.630058 2.633685
v 0.000549 -0.943752 3.106032
v 1.234339 -1.582762 2.791742
v 0.945076 -1.293060 2.866383
v 1.234339 -1.582762 2.791742
v 6.478749 -0.982849 0.831103
v 0.631539 -1.602268 6.816393
v 1.641658 -1.915853 8.309155
v 1.556303 -3.029218 8.378606
v 1.613763 -3.202960 9.427321
v 1.516502 -2.582924 9.159250
v 1.456442 -2.187888 9.126157
v 1.519384 -1.196758 9.197690
v 0.987823 -0.955448 9.593096
v 0.491358 -0.125367 10.106212
v 0.002428 0.194533 10.392010
v 0.296277 0.125661 10.337366
v 0.347686 0.134505 9.745654
v 0.009329 0.282631 9.245234
v 0.689736 -0.415680 7.946486
v 0.975202 -0.992240 8.240742
v 0.747282 -0.929120 9.153942
v 1.273847 -1.664770 9.294472
v 0.710437 -0.512657 9.849631
v -0.714380 -3.490775 8.942844
v -1.544551 -5.915649 9.938854
v -0.748101 -3.734540 9.877512
v -0.429246 -4.517542 9.895256
v -0.290723 0.154550 10.419950
v -1.711822 -4.358843 9.452621
v -1.397923 -3.627563 9.667142
v -1.646999 -3.177768 9.392768
v -1.023554 0.980964 8.930168
v -0.492541 -0.125775 8.204859
v -0.973877 -5.984617 9.206052
v -1.313365 -5.776617 8.843553
v -1.419172 -0.193927 9.228619
v -3.225156 -0.719877 8.552985
v -2.091740 -1.338237 9.012453
v -1.304384 -3.631298 9.686144
v -2.795685 -1.863051 8.439418
v -4.548305 -1.428029 8.337633
v -3.347309 -2.051991 7.884530
v -0.664450 -3.629391 7.962328
v -2.674453 -2.925074 8.092222
v -3.204727 -3.778084 7.746371
v -3.994992 -3.342692 7.734510
v -3.915260 -3.796042 7.236604
v -6.012934 2.420084 7.427786
v -5.612805 3.993253 7.084306
v -5.989952 2.575655 6.719599
v -5.499542 -2.669641 7.585503
v -5.469816 -1.846008 7.925773
v -2.832881 -1.043352 7.157648
v -3.360696 -1.158038 7.396342
v -4.443609 -0.596473 7.256720
v -4.584923 -0.354242 7.509626
v -3.936211 -0.663749 7.744584
v -4.449234 -0.556469 7.240334
v -4.135122 -0.592347 7.572712
v -4.718120 -0.815288 6.651035
v -0.310964 -1.963709 7.208431
v -0.571645 -2.786765 6.919658
v -1.430560 -2.546473 7.155014
v -1.089109 -2.784179 6.828506
v -6.560228 -0.242861 6.622134
v -6.245686 -0.715703 7.376168
v -6.065607 1.676114 6.562670
v -2.522213 -0.049662 6.700731
v -6.092847 -1.241396 7.278357
v -6.868932 -2.836994 5.053555
v -4.754570 -3.438750 7.369097
v -1.811699 0.626084 6.752038
v -5.413420 4.025409 6.193176
v -6.113739 6.478076 5.701604
v -1.424468 0.975371 6.610966
v -1.372260 1.301915 8.212751
v -1.738006 0.685820 5.968559
v -5.218290 0.830883 6.840316
v -5.089424 -0.083491 6.407541
v -3.200791 -0.339530 6.363131
v -4.795461 2.557843 6.404237
v -5.138736 1.115133 5.673512
v -4.566607 1.991257 4.997411
v -5.600886 1.345620 5.941369
v -6.361820 -0.109285 5.712369
v -4.992644 -0.120267 5.791956
v -5.142875 -0.443782 5.984843
v -2.799911 0.328122 6.118445
v -2.518351 -0.214044 5.271980
v -4.993910 -2.147460 5.243678
v -4.400633 -3.010464 6.223203
v -5.501520 -3.689804 6.119916
v -6.582821 -0.031737 5.834611
v -6.801265 -0.802345 5.642083
v -5.394819 -1.157728 5.618272
v -4.872965 -1.692169 4.999769
v -4.726475 0.964845 5.220818
v -3.764513 -3.010537 5.377815
v -3.945536 -2.760783 4.590243
v -3.266794 0.410081 5.163251
v -4.076793 2.909055 5.998113
v -3.223522 2.082088 4.085689
v -5.742630 -1.204064 4.958304
v -5.179397 -1.548493 5.047397
v -6.641060 -0.615429 5.134943
v -5.367021 -1.629967 4.763824
v -5.756852 -1.409130 4.400694
v -5.255260 -1.624216 4.744589
v -4.929547 -1.730063 4.946085
v -5.789116 -1.677937 4.240681
v -2.514038 0.344669 4.454512
v -1.843856 0.616815 3.894909
v -4.485381 -2.315961 4.458197
v -4.893653 -1.648786 4.162166
v -5.117172 -1.440168 3.606490
v -4.836948 -1.721995 4.601815
v -3.819975 -2.810394 3.081999
v -2.352489 -5.404988 3.682785
v -2.558876 -5.388212 3.478748
v -2.407732 -5.366171 3.617450
v -1.593137 -3.367386 3.684177
v -0.920069 -3.132357 4.082922
v -1.744827 -1.788065 2.587980
v -3.271600 -5.595652 3.673445
v -2.875387 -5.395036 3.350173
v -0.769556 -2.010716 3.217465
v 0.015215 -0.949105 3.099826
v 0.000746 -2.185083 3.254322
v -1.502796 1.672421 3.032955
v -6.321392 6.329484 3.671553
v -1.505744 0.839484 2.590407
v -1.656258 1.338328 2.376236
v -1.298849 1.156861 2.537607
v -4.091093 -1.815892 1.343168
v -3.377521 -2.788223 2.500229
v -2.532105 -2.406095 1.793306
v -2.820547 -2.726815 2.144633
v -2.565934 -2.471324 0.967895
v -6.713387 -0.709756 0.686174
v -7.242311 -1.302026 1.774853
v -6.660419 -1.159390 1.280011
v -6.465153 -0.922210 0.897938
v -6.921730 -0.838391 0.673989
v -6.575478 -0.381182 0.777808
v -6.869442 -0.220324 -0.327835
v -6.122763 -0.718921 0.740692
v -6.713387 -0.709756 0.686174
v -6.621404 -0.958071 0.779703
v -6.677810 -1.185991 1.279895
v -6.717687 -1.291929 0.759976
v -6.452776 -1.111314 0.734781
v -6.796498 -1.313185 0.741534
v -6.238968 -0.787219 0.791214
v -6.477437 -0.970538 0.852652
v -0.003196 -1.595475 0.460993
v 0.004668 -0.664655 1.635457
v -1.742156 -1.519865 0.966183
v -5.473792 -1.169594 -0.064740
v -5.052551 -1.819611 -0.357667
v -6.941632 -0.844231 0.662146
v -6.562897 -1.258175 -0.578841
v -2.496559 -2.709266 -0.129549
v -2.002548 -2.192824 0.349852
v -1.271739 -2.116724 0.132283
v -7.136480 -0.952700 -0.617383
v -7.003895 -0.413719 -0.862688
v -1.592474 -2.911086 -0.808940
v -0.630110 -2.534574 -0.390480
v -0.005850 -2.599682 0.113098
v -6.515722 -1.286510 -1.165254
v -4.922504 -2.151976 -0.955147
v -5.556767 -1.244375 -0.560351
v -5.736449 -1.978275 -1.127998
v -4.028959 -2.784795 -1.162882
v -3.562230 -3.623924 -1.717755
v -5.131833 -3.331699 -1.450995
v -6.184967 -1.189579 -1.493245
v -6.482505 -1.188837 -2.002771
v -5.607170 -0.792486 -1.922282
v -5.050063 -1.052830 -1.799091
v -5.085987 -2.703687 -1.501420
v -5.497001 -2.979625 -1.380489
v -5.362844 -2.980721 -2.182517
v -0.282827 0.280361 -2.012477
v -4.929904 -1.509161 -1.944428
v -5.793643 -2.688311 -1.839478
v -5.924310 -2.103840 -1.736949
v -6.072387 -2.488920 -2.251230
v -5.749908 -2.086448 -2.357720
v -5.163170 -0.843737 -2.383984
v -5.842239 -1.603316 -2.555426
v -6.076391 -3.404544 -2.736464
v -6.350226 -2.776428 -2.488381
v -5.780337 -3.538002 -3.408732
v -4.812486 -1.231786 -2.437854
v -6.763551 -1.444958 -2.698690
v -6.816340 -0.274692 -2.626714
v -6.888150 -0.881869 -2.223572
v -5.818772 -2.803587 -3.284578
v -5.222663 -3.496184 -3.308324
v -4.870386 -2.693210 -3.723094
v -4.401504 -2.341634 -3.691866
v -4.770752 -2.149923 -4.891318
v -2.813659 -3.500835 -4.355164
v -4.423950 -1.637004 -5.320919
v -2.125813 -2.772180 -6.361657
v -6.428460 6.480319 -5.246710
v -5.170929 8.927124 -4.911212
v -4.281938 7.869813 -6.664620
v -3.358148 -1.524058 -6.889194
v -2.949825 -0.314884 -7.975771
v -5.407711 -1.087811 -5.542515
v -5.573555 -2.863567 -4.368180
v -6.062734 -1.304671 -4.366964
v -6.825310 0.646406 -3.965240
v -6.146337 0.994916 -5.972471
v -5.296211 0.253101 -6.733324
v -4.422965 -0.157674 -7.282206
v -3.001708 0.589639 -8.689034
v -2.410845 -1.877624 -7.634784
v -0.733071 -3.685914 -6.364646
v -1.692319 -3.536420 -5.184055
v -3.127039 -3.581057 -3.669479
v -2.906801 -3.635700 -2.704137
v -2.491309 -3.483196 -4.041071
v -1.804427 -2.152642 -3.047134
v -0.005972 -2.307474 -0.391047
v -1.017220 -1.722336 -0.796949
v -0.003132 -1.786729 -0.403402
v -0.002972 0.329170 -1.960397
v -0.017829 -1.196391 -4.101007
v -0.013735 -2.836861 -4.223121
v -0.013604 -3.446723 -4.540277
v -0.016263 -3.945127 -5.875205
v -0.020217 -2.989024 -7.357965
v -0.023167 -0.213963 -8.794171
v -1.374840 -1.839813 -8.137124
v -1.359309 -0.035850 -8.703403
v -1.517797 1.172826 -9.334567
v -0.026221 2.238567 -9.554983
v -1.209921 5.980776 -8.918180
v -0.029729 7.105916 -8.765147
v -0.995110 8.933920 -7.739962
v -0.029590 9.295327 -7.452830
v -1.404021 10.643358 -5.255119
v -0.024700 11.393911 -3.706762
v -0.023263 11.841106 -1.366397
v -0.018632 11.830240 2.308229
v -1.723090 11.452737 3.275985
v -1.073673 3.513450 10.054618
v -0.710460 2.315631 9.616021
v -1.799508 3.011890 9.717422
v -2.551630 3.319863 9.294392
v -2.468127 3.012654 8.914180
v -1.901235 3.138954 8.570436
v -4.575673 2.951517 8.695441
v -4.450617 2.853943 8.041170
v -4.440736 2.875316 8.050103
v -2.406903 3.126826 8.496165
v -4.863133 2.666536 7.599748
v -5.057405 2.075107 7.277803
v -5.178206 1.590360 6.979546
v -5.167722 1.602159 6.995468
v -5.040682 2.451290 7.403810
v -5.157855 0.590027 6.946899
v -5.243430 0.873155 6.823232
v -4.936514 -0.399888 7.626929
v -4.061784 -0.792902 5.911011
v -2.866847 -0.160739 4.922720
v -4.018755 -0.830442 6.804681
v -3.220660 -0.615112 8.057453
v -2.822283 -0.993951 7.674768
v -1.649529 0.212840 7.169481
v -1.158288 2.319984 8.262273
v -1.198389 2.306887 7.649925
v -0.848907 1.792420 6.798266
v -1.378821 2.213567 6.125138
v -1.133877 0.773620 5.188190
v -1.231849 1.382208 4.574652
v -2.648581 3.087766 5.677298
v -2.430505 2.267399 4.585063
v -2.164796 2.177446 3.313620
v -2.776454 1.625862 3.005465
v -2.188221 0.772942 2.871113
v -2.791363 0.768275 3.475697
v -1.313842 1.096389 3.603241
v -1.141664 0.766381 4.349198
v -3.554585 1.656944 4.275587
v -2.376289 3.191268 6.824724
v -1.894030 3.239881 7.866187
v -1.532641 2.878985 8.492651
v -1.219439 2.447848 8.829087
v -1.258155 2.588650 8.336946
v -0.475362 2.133431 9.299155
v -0.549625 1.612749 9.112829
v -1.269513 1.341513 8.229802
v -1.753712 0.400965 8.049047
v -7.180331 -1.606054 5.039670
v -7.523038 -2.214927 3.760683
v -7.161708 -2.570334 3.611812
v -6.697084 -1.410409 1.370808
v -6.598338 -2.529400 3.897846
v -6.894996 -1.358679 0.659523
v -7.073045 -1.319532 0.479301
v -7.141574 -1.292474 0.450263
v -7.290974 -1.224802 0.449139
v -7.349419 -1.777869 1.347146
v -6.955475 -1.208211 2.007322
v -6.457542 -1.305902 2.277284
v -6.548738 -1.319570 2.042941
v -6.114739 -3.247530 5.245327
v -4.336237 -3.514218 6.986300
v -3.256542 -4.828341 7.106974
v -3.486733 -4.292902 5.892844
v -3.382172 -5.538701 5.186744
v -3.442195 -3.572933 3.943442
v -3.433312 -4.040763 3.531557
v -2.591745 -5.795332 4.147220
v -3.024131 -5.819244 5.517508
v -3.070366 -5.860441 6.308156
v -3.052425 -5.028069 7.799495
v -2.464602 -5.734552 9.029703
v -2.855730 -5.942612 7.805055
v -2.368940 -6.133413 6.089191
v -2.159596 -6.041989 6.068170
v -2.271398 -5.742380 4.990576
v -2.263907 -5.770658 5.309486
v -2.117195 -6.049161 5.976817
v -1.939396 -4.733986 4.545936
v -2.277011 -5.543398 4.236279
v -1.709680 -4.879673 6.071628
v -0.850147 -4.010421 5.976547
v -0.864497 -4.411968 7.388310
v -1.473935 -5.137544 7.845105
v -1.940216 -6.009011 7.153837
v -1.955276 -6.013967 7.165591
v -1.816643 -5.816136 7.988764
v -1.665282 -5.828728 8.242435
v -1.227780 -6.115364 9.409915
v -0.548804 -5.719625 10.420094
v -0.709814 -6.051823 9.364690
v 0.002047 -6.049268 9.444550
v -0.718298 -6.048331 9.364061
v 0.001293 -5.179065 9.174981
v -0.738407 -5.307108 9.026349
v 0.005717 -4.004500 6.627346
v 0.002047 -2.933543 4.070236
v -1.298097 -5.772208 8.866235
v -0.985105 -5.980222 9.198637
v -2.378690 -4.260882 2.957792
v -2.495223 -3.317358 2.468977
v -2.401388 -2.473029 2.254344
v -3.413224 -2.829777 2.459948
v -3.760152 -2.737200 3.138444
v -3.948500 -2.808276 3.848036
v -3.973438 -2.812587 4.597922
v -2.280757 -5.571173 4.458409
v -6.059494 -1.294306 3.826261
v -5.756852 -1.409130 4.400694
v -6.049163 -1.285341 3.818204
v -7.253244 -0.783048 3.763215
v -5.423665 -1.316606 7.897006
v -3.264129 -0.576077 8.241990
v -2.960237 -0.490490 8.072523
v -2.534301 -0.168523 7.997319
v -2.226091 0.047068 7.993867
v -5.941430 0.704925 6.993803
v -5.761859 1.556530 7.122187
v -4.591763 3.467103 8.836852
v -3.890839 5.224227 8.451335
v -4.846378 6.476683 7.231740
v -5.693945 2.798393 5.704969
v -5.454679 1.262775 5.584112
v -4.822759 -1.719167 4.614507
v -4.836948 -1.721995 4.601815
v -4.488270 -2.303050 4.458937
v -5.115555 -1.434347 3.599537
v -4.893653 -1.648786 4.162166
v -6.274992 -0.023527 2.844462
v -5.575867 -0.645974 2.570612
v -5.448721 -1.018394 3.055467
v -5.780155 -0.763863 2.470415
v -5.871462 -0.581806 1.828422
v -5.986641 -0.619960 1.096921
v -5.848987 -0.554382 1.806207
v -7.023724 1.073157 0.435883
v -7.541000 2.621806 -2.058169
v -5.221095 -3.452279 -3.840993
v -4.998362 -2.187554 -2.178726
v -7.435282 3.461554 -3.540320
v -6.722916 4.311652 -5.137281
v -5.563298 1.956969 -7.201419
v -5.166086 3.912163 -7.547246
v -3.877389 3.674940 -8.567523
v -7.536567 3.307984 -0.632566
v -6.516182 1.724507 3.403254
v -7.032451 4.661731 1.935247
v -6.749593 6.535758 2.003757
v -7.049892 6.559335 -0.969766
v -7.510394 4.787518 -2.036169
v -2.231794 7.374254 -8.160455
v -2.706145 4.108341 -8.922462
v -3.945424 8.829377 -6.241938
v -5.849603 8.665735 -3.911567
v -5.005364 9.767684 -3.527288
v -6.302155 8.469427 -2.207977
v -6.232042 7.966684 3.585352
v -6.104801 8.801682 1.129822
v -3.642753 10.484486 -4.443419
v -2.004004 11.401757 -3.098799
v -2.928041 11.382865 -1.312679
v -4.753252 10.318652 -0.160626
v -4.333653 10.464571 2.922532
v -5.233745 9.356914 4.008496
v -4.715137 8.822448 5.615005
v -2.871974 10.701376 4.415184
v -3.280958 9.128260 6.377685
v -2.961479 11.227081 1.720776
v -2.256148 8.365544 7.330483
v -3.661884 7.605782 7.415676
v -1.624691 5.898856 8.832414
v -2.016614 4.356855 9.710416
v -5.250376 2.649395 8.006071
v -1.484566 -3.305168 -4.696864
v -1.315422 -2.430517 -3.942830
v -1.131973 -0.997267 -3.129622
v -1.274112 -0.977602 -2.398473
v -1.670690 -1.824902 2.545081
v -0.978959 -1.220256 2.919214
v 0.003639 -0.630188 2.633963
v 0.000549 -0.943752 3.106032
v -1.234092 -1.582762 2.791742
v -0.944588 -1.293060 2.866383
v -1.234092 -1.582762 2.791742
v -6.491077 -0.982747 0.831416
v -0.598659 -1.360159 6.878824
v -0.994658 -0.992498 8.042798
v -1.635725 -1.915941 8.309124
v -1.550405 -3.029207 8.378658
v -1.510576 -2.582951 9.159264
v -1.608191 -3.202908 9.427328
v -1.450583 -2.188456 9.125978
v -1.513430 -1.196819 9.197723
v -0.981983 -0.955448 9.593096
v -0.485852 -0.125071 10.106379
v -0.291319 0.125666 10.337357
v -0.342207 0.134510 9.745904
v -0.741201 -0.929202 9.153872
v -1.267780 -1.664700 9.294492
v -0.704837 -0.512679 9.849615
v -0.228254 -8.814750 7.857756
v 0.974544 -8.279847 7.662784
v -0.006174 -12.197468 8.660463
v 1.558027 -12.069946 8.257286
v 1.466088 -11.823270 8.743620
v 1.527280 -7.830776 8.404040
v 0.000065 -7.949955 9.094130
v -0.000277 -8.210658 9.372163
v 1.295644 -8.103119 8.966513
v 1.027702 -10.126835 8.533136
v -0.246812 -10.243536 8.916202
v 0.860072 -10.695260 7.700033
v 1.993707 -11.699364 7.340605
v 1.186074 -12.045223 8.222916
v 2.615162 -11.288159 6.166455
v 2.037556 -7.689949 6.766593
v 3.788488 -10.655608 4.466895
v 5.050764 -8.335072 0.502606
v 3.220209 -10.836136 4.987012
v 3.002755 -9.872145 5.004667
v 2.709145 -7.500252 5.187783
v 2.078533 -7.440623 4.639083
v 4.225100 -10.297985 4.630166
v 5.367092 -5.443268 0.290795
v 4.120766 -9.331860 1.755302
v 4.616540 -7.587186 0.323930
v 4.474778 -8.390759 0.677755
v 5.136528 -2.724952 -0.162287
v 4.857707 -1.746700 -1.219262
v 6.280981 -1.707676 -0.729735
v 5.109428 -5.649503 2.166879
v 4.478146 -9.567276 1.727851
v 4.556432 -6.813257 1.538490
v 4.997221 -7.122550 0.075759
v 1.766268 -7.995263 4.257406
v 1.468410 -8.394378 6.658575
v -0.004477 -11.155334 9.321256
v -0.004404 -11.164442 8.145606
v -0.006169 -12.153895 8.670888
v 2.024898 -8.978042 3.921611
v 2.041233 -8.406355 3.521659
v 1.759257 -9.557015 6.859257
v 4.474778 -8.390759 0.677755
v 4.640595 -7.677805 0.358261
v 4.754333 -5.756615 0.306465
v 4.030998 -9.368578 1.803918
v 5.094047 -2.456096 0.718754
v 5.561732 -2.530505 1.005857
v 6.051001 -1.435343 0.770385
v 2.871809 -11.126536 5.688664
v 3.332086 -10.595124 4.587736
v 1.993707 -11.699364 7.340605
v 1.186074 -12.045223 8.222916
v 3.019202 -6.793353 3.543252
v 3.129882 -6.913607 3.009630
v 4.518836 -6.903304 4.251052
v 3.647187 -10.050862 3.412232
v 6.400894 -1.327889 0.376863
v 5.776681 -1.700304 -0.612655
v 5.813766 -1.615166 0.059241
v 6.052419 -2.949402 0.546687
v 5.184197 -2.772424 -0.409390
v 5.776681 -1.700304 -0.612655
v 5.530955 -2.942753 -0.242128
v 4.719259 -5.370946 1.545755
v 4.286302 -4.335487 2.063357
v 5.071188 -3.482680 -0.037021
v 5.393311 -4.205077 2.147132
v 3.912644 -5.444668 2.633246
v 5.216848 -3.660259 1.903461
v 5.061169 -3.791487 1.788620
v 4.983344 -4.575638 3.952790
v 4.425444 -3.135551 4.369174
v 4.483187 -5.089714 3.939267
v 4.857707 -1.746700 -1.219262
v 5.871545 -1.434530 0.527013
v 5.813766 -1.615166 0.059241
v 3.662741 -7.672213 2.752735
v 4.807832 -5.523436 0.296068
v 4.519146 -3.571102 2.864313
v 4.435568 -1.874960 4.028759
v 5.198190 -1.989157 4.291157
v 5.021536 -1.648036 3.679176
v 4.874541 -1.508119 4.312585
v 4.989366 -1.722788 3.675346
v 4.171904 -6.531413 4.277637
v 3.782704 -6.435327 3.614970
v 4.975800 -3.268782 2.744673
v 4.145048 -5.727666 3.458693
v 4.718534 -2.034253 4.681677
v 2.177022 -8.158463 8.008018
v 4.977842 -2.543706 3.203099
v 5.006619 -3.333227 2.615634
v -1.477037 -11.823552 8.743814
v -1.570209 -12.069989 8.257354
v -1.527143 -7.830756 8.404087
v -1.296188 -8.103103 8.966500
v -0.867278 -10.695150 7.700138
v -1.198223 -12.045223 8.222916
v -2.005342 -11.699364 7.340605
v -1.168454 -7.945512 8.097787
v -2.626896 -11.287967 6.165893
v -2.038076 -7.689942 6.766364
v -4.236819 -10.297942 4.630010
v -3.801024 -10.655556 4.466779
v -5.067850 -8.334938 0.502773
v -3.231973 -10.836041 4.987095
v -3.011712 -9.872183 5.003952
v -2.711474 -7.500087 5.187128
v -2.080788 -7.440673 4.639493
v -5.380620 -5.443811 0.290882
v -4.135385 -9.331620 1.755388
v -4.490702 -8.390759 0.677755
v -4.631922 -7.587858 0.323993
v -5.544326 -2.942913 -0.242125
v -6.297420 -1.707630 -0.729494
v -4.872937 -1.746700 -1.219262
v -5.149601 -2.725279 -0.161049
v -5.117681 -5.652044 2.163576
v -4.494377 -9.567261 1.728482
v -4.567063 -6.812715 1.538365
v -5.013127 -7.123056 0.075797
v -1.770033 -7.995060 4.257906
v -1.470314 -8.394333 6.658523
v -2.031606 -8.978009 3.921644
v -2.047441 -8.406385 3.521651
v -1.763706 -9.556590 6.859629
v -4.490702 -8.390759 0.677755
v -4.656264 -7.677805 0.358261
v -4.766580 -5.757834 0.306131
v -4.045630 -9.368578 1.803918
v -5.103714 -2.456141 0.718799
v -5.883250 -1.434530 0.527013
v -6.341155 -1.390239 0.402339
v -5.571629 -2.530505 1.005857
v -2.884676 -11.125336 5.685836
v -3.344451 -10.594028 4.587152
v -2.005342 -11.699364 7.340605
v -1.198223 -12.045223 8.222916
v -3.023113 -6.793376 3.543269
v -3.135250 -6.913501 3.009553
v -4.523696 -6.904022 4.251304
v -3.659810 -10.050689 3.411885
v -6.414194 -1.327787 0.376867
v -5.791732 -1.700304 -0.612655
v -5.826773 -1.615166 0.059241
v -6.064492 -2.950277 0.546829
v -5.197427 -2.772730 -0.409053
v -5.791732 -1.700304 -0.612655
v -4.728020 -5.370983 1.545752
v -5.083458 -3.482718 -0.036896
v -4.292420 -4.334842 2.062795
v -5.400652 -4.204976 2.147313
v -3.917664 -5.444402 2.633341
v -3.787061 -6.435159 3.614951
v -5.224254 -3.660259 1.903461
v -5.070133 -3.790479 1.789488
v -4.986596 -4.575792 3.952739
v -4.486012 -5.089715 3.939128
v -4.425940 -3.134573 4.369240
v -4.872937 -1.746700 -1.219262
v -5.883250 -1.434530 0.527013
v -5.826773 -1.615166 0.059241
v -3.670768 -7.672122 2.752673
v -4.820451 -5.523435 0.296099
v -4.522696 -3.571440 2.864434
v -4.436387 -1.875067 4.029048
v -5.200131 -1.989151 4.291158
v -5.024029 -1.647996 3.679267
v -4.991964 -1.722788 3.675346
v -4.875801 -1.508119 4.312585
v -4.175683 -6.531358 4.277605
v -4.981189 -3.269513 2.743065
v -4.149089 -5.727749 3.458862
v -4.718877 -2.034198 4.681723
v -2.178056 -8.158577 8.008320
v -4.981405 -2.543706 3.203099
v -5.011806 -3.333227 2.615634
v 2.836736 -5.715482 4.496099
v 2.642318 -6.538970 4.566589
v 2.518528 -6.531151 4.236173
v 2.785222 -5.698202 4.103531
v 2.714757 -6.301183 3.897215
v 2.919948 -6.502736 3.831492
v 3.132065 -5.635593 4.092761
v 3.276892 -6.610424 4.102019
v 3.197069 -5.577404 4.474272
v 2.902560 -6.550901 4.715512
v 2.997553 -6.562159 4.711699
v 2.694752 -6.458162 4.557540
v 2.741819 -5.701022 4.575005
v 2.664718 -6.449931 3.830689
v 2.775657 -5.689192 4.087118
v 0.108409 -5.809870 9.659483
v 0.033970 -7.020792 9.696679
v 0.942592 -6.843623 9.650328
v 0.792317 -5.811883 9.583260
v 0.922638 -7.048713 9.847039
v 0.807719 -5.810531 9.625894
v 0.193085 -5.834805 10.148611
v 0.854499 -7.053195 9.773958
v 0.451579 -6.943112 10.121648
v 0.041512 -7.039937 9.880751
v 0.087974 -6.959923 9.809683
v 0.140729 -5.808876 9.668726
v 0.976754 -7.098763 9.698895
v 0.912489 -6.779458 9.628036
v 1.030165 -6.072168 9.477570
v 1.734562 -6.754111 9.287008
v 1.412509 -6.026977 9.217762
v 1.859937 -6.743511 9.406507
v 1.610938 -5.871688 9.490855
v 1.412659 -5.853885 9.840129
v 1.407215 -7.108641 9.711606
v 1.691011 -6.953926 9.442404
v 1.074398 -6.988686 9.726628
v 0.963582 -6.726315 9.659283
v 0.994444 -6.069858 9.444817
v 1.666869 -7.025842 9.344202
v 1.422537 -6.027597 9.233373
v 1.806101 -6.807196 9.293379
v 1.655728 -5.974928 8.967020
v 1.675870 -6.831504 9.084018
v 2.168819 -6.686050 8.544909
v 1.759195 -5.835229 8.725125
v 1.985596 -5.955582 8.555331
v 2.315663 -7.084222 8.817135
v 2.163970 -5.839549 8.664907
v 2.219101 -7.023048 9.132455
v 1.904963 -5.941988 9.208486
v 2.182608 -7.119262 8.797271
v 1.887807 -7.087779 9.136155
v 1.644278 -6.626313 9.060534
v 1.655728 -5.974928 8.967020
v 2.200655 -7.053687 8.848039
v 1.931755 -5.983521 8.640516
v 2.531972 -5.842873 8.489476
v 2.161565 -5.772663 8.430760
v 2.200713 -6.815711 8.465215
v 2.093412 -6.928190 8.065610
v 2.119871 -5.775769 8.436900
v 2.222320 -5.773411 7.924237
v 2.233740 -6.632067 7.705750
v 2.643501 -5.756494 7.934248
v 2.715620 -7.025891 8.119503
v 2.407630 -6.870294 7.647229
v 2.418349 -6.916723 8.557550
v 2.232145 -6.804973 8.468940
v 2.210439 -6.927249 7.639582
v 2.222320 -5.773411 7.924237
v 2.285221 -5.888222 7.387719
v 2.240555 -6.424881 7.466111
v 2.179094 -6.919644 6.805102
v 2.210016 -5.862408 7.437292
v 2.287219 -5.828125 6.933398
v 2.280000 -6.391331 6.808475
v 2.558681 -5.840644 6.834746
v 2.770523 -5.865830 7.267365
v 2.470441 -6.898468 6.696230
v 2.773520 -7.034629 7.125433
v 2.409381 -6.939167 7.564265
v 2.232083 -6.803327 7.453605
v 2.190358 -6.879289 6.790987
v 2.280000 -6.391331 6.808475
v 2.287219 -5.828125 6.933398
v 2.179994 -6.850989 7.444625
v 2.752776 -6.666322 6.681115
v 2.450834 -5.715511 6.501184
v 2.251898 -6.587037 6.501635
v 2.247874 -6.562039 6.125000
v 2.433197 -5.718395 6.495249
v 2.533162 -5.707570 6.019658
v 2.429804 -6.439379 5.775023
v 2.851481 -6.634478 5.731714
v 2.761066 -5.722775 5.933309
v 2.952674 -5.804727 6.460079
v 2.483091 -6.755779 6.557360
v 2.630811 -6.822181 5.768372
v 2.973995 -6.904019 6.200288
v 2.354072 -6.525606 6.434790
v 2.521255 -6.241901 5.844329
v 2.533162 -5.707570 6.019658
v 2.387127 -6.713959 5.819178
v 2.911662 -5.735041 5.628387
v 2.562047 -5.688554 5.453033
v 2.478268 -6.599437 5.468915
v 2.477636 -5.697951 5.450441
v 2.608449 -5.713831 4.961606
v 2.630099 -6.490197 4.840800
v 2.967791 -6.695946 4.761093
v 2.917296 -5.734814 4.964861
v 3.069090 -5.681294 5.306677
v 2.759959 -6.661309 4.735895
v 3.033693 -6.805243 5.532694
v 2.652683 -6.692915 5.554920
v 2.521543 -6.520977 5.449706
v 2.602128 -6.568623 4.872777
v 2.608449 -5.713831 4.961606
v -2.643699 -6.538970 4.566533
v -2.837139 -5.715424 4.496003
v -2.520215 -6.531085 4.236174
v -2.716877 -6.301147 3.897269
v -2.786120 -5.698163 4.103494
v -2.922780 -6.502738 3.831504
v -3.279727 -6.610360 4.101988
v -3.133285 -5.635636 4.093006
v -3.197855 -5.577400 4.474611
v -2.904022 -6.550901 4.715512
v -2.998973 -6.562124 4.711755
v -2.696099 -6.458182 4.557549
v -2.742043 -5.701022 4.575005
v -2.667131 -6.449932 3.830643
v -2.776538 -5.689137 4.086912
v -0.032217 -7.020998 9.696684
v -0.104795 -5.809889 9.659501
v -0.940717 -6.843669 9.650210
v -0.788751 -5.811852 9.583125
v -0.921247 -7.048688 9.847023
v -0.803726 -5.810714 9.626050
v -0.190528 -5.834829 10.148767
v -0.853019 -7.053241 9.773935
v -0.449994 -6.943098 10.121655
v -0.039953 -7.039947 9.880753
v -0.086220 -6.959884 9.809972
v -0.137070 -5.808876 9.668726
v -0.975287 -7.098560 9.698851
v -0.910425 -6.779305 9.627983
v -1.027119 -6.072071 9.477642
v -1.732731 -6.754142 9.286975
v -1.409376 -6.026938 9.217797
v -1.858282 -6.743586 9.406549
v -1.607786 -5.871695 9.491279
v -1.409613 -5.853839 9.840110
v -1.406118 -7.108651 9.711612
v -1.689662 -6.953915 9.442401
v -1.072914 -6.988648 9.726639
v -0.961464 -6.726109 9.659210
v -0.991230 -6.069858 9.444817
v -1.665241 -7.025566 9.344414
v -1.419422 -6.027597 9.233373
v -1.804470 -6.807098 9.293400
v -1.674128 -6.831415 9.084000
v -1.652605 -5.974928 8.967020
v -1.903370 -5.941813 9.208072
v -2.167217 -6.686081 8.545045
v -1.982625 -5.955582 8.555331
v -1.755863 -5.835229 8.725125
v -2.314826 -7.084182 8.817147
v -2.160801 -5.839705 8.665296
v -2.218132 -7.023149 9.132431
v -2.181789 -7.119287 8.797273
v -1.886557 -7.088060 9.135208
v -1.686201 -6.772572 9.085931
v -1.652605 -5.974928 8.967020
v -2.199752 -7.053687 8.848080
v -1.928957 -5.983501 8.640373
v -2.199227 -6.815667 8.465237
v -2.158473 -5.772663 8.430760
v -2.529377 -5.842806 8.489723
v -2.092053 -6.928123 8.065629
v -2.232296 -6.632112 7.705838
v -2.219317 -5.773411 7.924237
v -2.116964 -5.775775 8.436886
v -2.641149 -5.756560 7.934769
v -2.714973 -7.025834 8.119511
v -2.406521 -6.870283 7.647227
v -2.417304 -6.916711 8.557543
v -2.230699 -6.804919 8.468925
v -2.209239 -6.927329 7.639419
v -2.219317 -5.773411 7.924237
v -2.238722 -6.424486 7.466100
v -2.282391 -5.888206 7.387924
v -2.178238 -6.919750 6.805081
v -2.278443 -6.391331 6.808475
v -2.284708 -5.828125 6.933398
v -2.207325 -5.862390 7.437255
v -2.556743 -5.840737 6.835158
v -2.768751 -5.865810 7.266863
v -2.773309 -7.034585 7.125411
v -2.469959 -6.898464 6.696230
v -2.408462 -6.939167 7.564273
v -2.230716 -6.803426 7.453616
v -2.189480 -6.879317 6.790920
v -2.278443 -6.391331 6.808475
v -2.284708 -5.828125 6.933398
v -2.178811 -6.850989 7.444625
v -2.752163 -6.666379 6.681183
v -2.250784 -6.587050 6.501843
v -2.448527 -5.715529 6.501200
v -2.247062 -6.561974 6.124990
v -2.429437 -6.439123 5.775088
v -2.531426 -5.707570 6.019658
v -2.431161 -5.718389 6.495221
v -2.851873 -6.634549 5.731761
v -2.759730 -5.722866 5.933502
v -2.950917 -5.804731 6.459326
v -2.482474 -6.755785 6.557363
v -2.974438 -6.903871 6.200277
v -2.631169 -6.822191 5.768377
v -2.353121 -6.525316 6.434814
v -2.520463 -6.241800 5.844445
v -2.531426 -5.707570 6.019658
v -2.386991 -6.713959 5.819178
v -2.911024 -5.735025 5.628541
v -2.478408 -6.599470 5.468883
v -2.560907 -5.688554 5.453033
v -2.476423 -5.698016 5.450366
v -2.630940 -6.490186 4.840875
v -2.607944 -5.713831 4.961606
v -2.969748 -6.695983 4.761129
v -2.917851 -5.734876 4.965321
v -3.068647 -5.681294 5.306677
v -2.761380 -6.661305 4.735892
v -3.034683 -6.805234 5.532684
v -2.652991 -6.692915 5.554920
v -2.521509 -6.520994 5.449728
v -2.603007 -6.568587 4.872661
v -2.607944 -5.713831 4.961606
v -2.518935 -6.820258 4.190029
v -2.685424 -7.217998 4.034883
v -2.484490 -6.976433 4.241359
v -2.552644 -7.166826 3.891459
v -2.577205 -7.227098 3.628018
v -2.800430 -6.587214 3.474750
v -2.832907 -7.119664 3.363888
v -3.268943 -7.137653 3.842773
v -3.026775 -7.130246 4.248013
v -2.507243 -6.785540 4.137787
v -2.623555 -6.535000 3.559451
v -3.135889 -6.598888 3.545215
v -3.047895 -6.646766 4.261869
v -2.631378 -7.218435 4.119706
v -2.568984 -6.611342 3.633352
v -2.655835 -7.192270 3.662401
v -2.581498 -6.676193 4.161317
v 2.522285 -6.823734 4.184572
v 2.623394 -7.206663 4.083270
v 2.770023 -7.279724 4.259928
v 2.483908 -6.985521 4.245715
v 2.548413 -6.575894 3.560731
v 2.665445 -7.170746 3.653776
v 2.547482 -7.173483 3.889068
v 2.797162 -6.587552 3.475301
v 2.849448 -7.128463 3.333341
v 3.264695 -7.137689 3.842666
v 3.023476 -7.130246 4.248013
v 2.505046 -6.785514 4.137785
v 3.045436 -6.646769 4.261868
v 3.076454 -6.594792 3.531589
v 2.623394 -7.206663 4.083270
v 2.563781 -6.609163 3.629987
v 2.665445 -7.170746 3.653776
v 2.579302 -6.676186 4.161316
v 2.511939 -6.965449 5.100495
v 2.400288 -6.944252 4.869294
v 2.436269 -7.543613 4.758001
v 2.626672 -7.575400 4.934311
v 2.259906 -6.892468 4.647446
v 2.575604 -7.031924 4.254474
v 2.548285 -7.363829 4.160460
v 2.405603 -7.530862 4.756622
v 2.541497 -7.335572 4.094649
v 3.065556 -7.466081 4.602883
v 2.565626 -6.981955 5.052958
v 2.919783 -6.913941 5.113497
v 2.849915 -6.751678 4.354245
v 2.393553 -7.071276 4.950953
v 2.554792 -6.828838 4.317159
v 2.555562 -6.858923 4.392703
v 0.176003 -8.013911 9.165707
v 0.048304 -7.296510 9.332062
v 0.214496 -7.968610 8.982918
v 0.174639 -7.948066 8.909716
v 0.806711 -7.218836 9.284744
v 0.678739 -7.982357 8.969717
v 0.843529 -7.150541 9.273666
v 0.545107 -8.215986 9.255879
v 0.627829 -7.963536 8.951856
v 0.774195 -7.123584 9.521188
v 0.133645 -7.230383 9.540434
v 0.203580 -7.198139 9.646636
v 0.198462 -7.129747 9.541972
v 0.790043 -7.061785 9.487144
v 0.995123 -7.073095 9.262974
v 0.869545 -7.936327 8.819508
v 0.925401 -8.105692 9.042689
v 1.285018 -7.922546 8.652032
v 0.857712 -7.927473 8.804454
v 1.605224 -7.048224 9.011046
v 1.359262 -7.950297 8.651068
v 1.604407 -7.112042 9.105654
v 0.953606 -7.072741 9.396743
v 0.877814 -7.130894 9.184649
v 1.266960 -7.058494 9.444143
v 1.533904 -7.153261 8.917987
v 1.378835 -7.470265 8.770073
v 1.394155 -7.952990 8.616976
v 1.318880 -7.525337 8.487819
v 1.275840 -7.863314 8.408884
v 1.260151 -7.860280 8.382849
v 1.645007 -7.802886 7.972939
v 2.002716 -7.118902 8.279328
v 1.864897 -8.034900 8.347735
v 1.645532 -7.841807 8.210096
v 2.004838 -6.970626 8.588840
v 2.128512 -7.039896 8.547375
v 1.760357 -7.060844 8.897623
v 1.479942 -7.191184 8.764205
v 1.989092 -7.134170 8.315498
v 1.666237 -6.989219 8.887114
v 1.736416 -7.465781 8.082586
v 1.982379 -7.067189 8.620514
v 1.920617 -7.479454 7.859185
v 1.950610 -7.776393 7.615920
v 1.795808 -7.116469 7.568513
v 2.064115 -7.100295 7.318005
v 1.927746 -7.750907 7.212282
v 1.803967 -7.831631 7.724273
v 2.280650 -6.963895 7.204849
v 1.972228 -7.755828 7.309022
v 2.284791 -7.981324 7.370911
v 2.529616 -7.122421 7.962880
v 2.573234 -6.993977 7.439065
v 2.267474 -6.974195 7.227453
v 2.202677 -7.158015 8.079754
v 1.995734 -7.204119 7.901510
v 2.008178 -7.018884 7.284926
v 1.993434 -7.137509 7.896716
v 2.077373 -7.126574 6.955097
v 2.135806 -7.726387 6.826034
v 2.097340 -7.686380 6.318774
v 2.123717 -7.288432 6.294305
v 2.399027 -7.012177 6.250984
v 2.325161 -7.684205 6.183069
v 2.667854 -7.350507 6.906672
v 2.608431 -7.942737 6.534111
v 2.379414 -7.032347 6.303123
v 2.313168 -7.107304 7.087221
v 2.671746 -7.072232 6.403789
v 2.142415 -7.217302 6.917111
v 2.121572 -7.732837 6.840706
v 2.101116 -7.043887 6.434140
v 2.125366 -7.303060 6.292749
v 2.118410 -7.687487 6.323662
v 2.150782 -7.096584 6.451392
v 2.511584 -7.084240 6.130931
v 2.242460 -7.605430 5.801164
v 2.494309 -7.687919 5.956081
v 2.419071 -6.749821 5.407645
v 2.473922 -7.505008 5.167711
v 2.181642 -7.607138 5.792962
v 2.723993 -6.825349 5.317383
v 2.653812 -7.503299 5.212478
v 2.823596 -7.718741 5.595177
v 2.704914 -6.883277 5.357761
v 2.851341 -6.984765 6.074715
v 2.927419 -6.855837 5.574371
v 2.506309 -7.086958 6.095318
v 2.294702 -7.209267 5.933261
v 2.287640 -7.012743 5.917027
v 2.456212 -6.832198 5.382059
v 2.461215 -7.507569 5.169778
v -2.513200 -6.965466 5.100507
v -2.629426 -7.575400 4.934311
v -2.438943 -7.543613 4.758001
v -2.401648 -6.944251 4.869123
v -2.261478 -6.892513 4.647368
v -2.408567 -7.530738 4.756565
v -2.551675 -7.363829 4.160460
v -2.578233 -7.032042 4.254495
v -2.544914 -7.335884 4.095022
v -3.068904 -7.466018 4.602785
v -2.566962 -6.981955 5.052956
v -2.852323 -6.751641 4.354339
v -2.921370 -6.913934 5.113503
v -2.394973 -7.071387 4.950987
v -2.556820 -6.828656 4.316661
v -2.557604 -6.858923 4.392703
v -0.184331 -8.020556 9.176879
v -0.223503 -7.966613 8.984988
v -0.172922 -7.949636 8.911103
v -0.691256 -7.980124 8.961396
v -0.801066 -7.204003 9.281025
v -0.811612 -7.054041 9.477738
v -0.753366 -7.997704 8.937984
v -0.442214 -8.237441 9.259072
v -0.702745 -7.278340 9.665393
v -0.155787 -7.175313 9.611065
v -0.132121 -7.230417 9.540387
v -0.763806 -7.125893 9.508349
v -0.155232 -7.049791 9.517378
v -0.813226 -7.199871 9.239063
v -0.853129 -7.234547 9.352720
v -0.937778 -7.941169 8.840488
v -0.992328 -7.072107 9.264882
v -1.281799 -7.935623 8.649374
v -0.883344 -7.942165 8.833117
v -1.604694 -7.047898 9.010445
v -1.329069 -7.957349 8.667159
v -1.330379 -8.136821 8.984200
v -1.603098 -7.112080 9.105636
v -0.948256 -7.064474 9.381179
v -1.261743 -7.058903 9.445407
v -1.532679 -7.153261 8.917987
v -1.378121 -7.470265 8.770073
v -1.391448 -7.958101 8.626657
v -1.296654 -7.863111 8.387992
v -1.318222 -7.525337 8.487819
v -1.261255 -7.856687 8.351346
v -1.668471 -7.816473 7.984951
v -2.001963 -7.118268 8.279893
v -1.664850 -7.842578 8.196090
v -1.860393 -8.053990 8.374590
v -2.003578 -6.970643 8.588816
v -2.127470 -7.039855 8.547387
v -1.758508 -7.060560 8.897272
v -1.478714 -7.191184 8.764205
v -1.988083 -7.134170 8.315498
v -1.664530 -6.989020 8.887359
v -1.735905 -7.465781 8.082586
v -1.981081 -7.067486 8.620676
v -1.933778 -7.801865 7.618811
v -1.920297 -7.479499 7.859151
v -1.795443 -7.115536 7.566956
v -1.802768 -7.831217 7.724503
v -1.930762 -7.750841 7.212870
v -2.062436 -7.098778 7.318008
v -2.280614 -6.963762 7.204683
v -1.972224 -7.754935 7.301280
v -2.293132 -7.963840 7.318980
v -2.511425 -7.409051 7.861994
v -2.592672 -6.992266 7.454620
v -2.266682 -6.974195 7.227453
v -2.201950 -7.157964 8.079548
v -1.995862 -7.208348 7.900095
v -2.006681 -7.019392 7.285231
v -1.992497 -7.137509 7.896716
v -2.129031 -7.729392 6.835169
v -2.076723 -7.126590 6.955247
v -2.098461 -7.686355 6.318798
v -2.123926 -7.288419 6.294278
v -2.401011 -7.012009 6.250221
v -2.325830 -7.683703 6.166162
v -2.669673 -7.355428 6.905463
v -2.574670 -7.918469 6.571036
v -2.379335 -7.032343 6.303123
v -2.675487 -7.072845 6.404971
v -2.312682 -7.107338 7.087312
v -2.142054 -7.217670 6.917081
v -2.122348 -7.732837 6.840706
v -2.100873 -7.043907 6.434096
v -2.125663 -7.303228 6.292765
v -2.119429 -7.687487 6.323662
v -2.150591 -7.096584 6.451392
v -2.511888 -7.084243 6.130938
v -2.638884 -7.668948 5.902639
v -2.243803 -7.605442 5.801203
v -2.418536 -6.749119 5.407188
v -2.110650 -7.587361 5.786400
v -2.480738 -7.507981 5.172189
v -2.723423 -6.825688 5.317985
v -2.701146 -7.507001 5.256446
v -2.850370 -7.678793 5.615531
v -2.705789 -6.883281 5.357771
v -2.925296 -6.855624 5.571945
v -2.850672 -6.985216 6.074981
v -2.506634 -7.086958 6.095318
v -2.293211 -7.210948 5.933495
v -2.287979 -7.012845 5.916845
v -2.459537 -6.843674 5.394397
v -2.476260 -7.510894 5.180272
vn 0.3484 0.7883 0.5071
vn -0.0074 0.8720 0.4894
vn 0.0580 0.9873 0.1481
vn -0.4826 0.7695 0.4182
vn 0.2671 0.9535 0.1399
vn 0.7476 0.0965 0.6571
vn 0.8555 -0.1320 0.5007
vn 0.6689 0.3627 0.6488
vn -0.7495 0.0515 0.6600
vn -0.5020 0.5427 0.6734
vn -0.8858 -0.0865 0.4559
vn 0.5257 0.8505 0.0147
vn 0.1435 0.5433 0.8272
vn 0.0017 0.0058 1.0000
vn 0.1224 0.1684 0.9781
vn 0.5690 0.1308 0.8119
vn -0.4931 0.1928 0.8483
vn 0.0152 0.6583 0.7526
vn 0.5112 0.4644 0.7232
vn 0.5909 0.1155 0.7985
vn 0.7227 0.0290 0.6905
vn 0.3644 0.0228 0.9310
vn -0.6901 -0.6400 0.3378
vn -0.6653 -0.7465 0.0072
vn -0.1941 -0.9056 0.3770
vn -0.3623 -0.4190 -0.8326
vn -0.4261 -0.6000 -0.6771
vn -0.6826 -0.5775 -0.4479
vn 0.5767 0.2435 0.7798
vn 0.3950 -0.0506 0.9173
vn 0.3962 0.4567 0.7965
vn 0.5115 -0.4271 0.7456
vn 0.2800 -0.4826 0.8299
vn 0.3238 -0.1047 0.9403
vn 0.1845 0.9491 0.2552
vn 0.6527 -0.1162 0.7486
vn 0.3736 -0.0081 0.9275
vn 0.5612 -0.3974 0.7261
vn 0.7938 0.5393 -0.2813
vn 0.9799 0.1789 0.0880
vn 0.8459 -0.0586 0.5301
vn 0.8888 0.2510 -0.3834
vn 0.6657 0.3257 0.6713
vn -0.0173 -0.4683 0.8834
vn 0.3028 -0.3591 0.8828
vn -0.7096 0.5389 -0.4539
vn -0.5382 0.3626 -0.7608
vn -0.4562 0.8668 0.2016
vn -0.6952 0.6222 -0.3601
vn -0.6347 0.7690 -0.0756
vn -0.4297 0.7843 -0.4474
vn 0.9580 0.1003 0.2686
vn 0.4795 0.2613 0.8377
vn 0.7589 0.0308 0.6505
vn 0.9605 0.2276 -0.1601
vn 0.7865 -0.5977 0.1557
vn 0.8674 -0.2091 0.4516
vn -0.1067 -0.9849 -0.1366
vn 0.3945 -0.7303 0.5577
vn 0.5488 0.5037 0.6671
vn 0.4144 0.6457 0.6414
vn 0.7997 0.5644 0.2048
vn 0.3738 0.8423 0.3883
vn 0.9918 -0.1178 0.0490
vn 0.9262 0.1583 0.3421
vn 0.6536 -0.0368 -0.7559
vn 0.7578 0.6513 -0.0395
vn 0.9544 0.2875 -0.0800
vn 0.0214 0.4554 0.8900
vn -0.7318 -0.6609 0.1665
vn -0.6834 -0.3586 0.6359
vn -0.9174 0.0009 0.3979
vn 0.4099 0.4039 -0.8178
vn 0.3209 0.1570 -0.9340
vn 0.9337 -0.2475 -0.2587
vn 0.0074 0.9965 0.0832
vn 0.6181 0.7841 -0.0558
vn -0.2011 0.7979 0.5683
vn 0.4577 0.8877 -0.0504
vn -0.4223 -0.5338 -0.7327
vn 0.0907 -0.8388 -0.5368
vn 0.8634 0.1700 -0.4751
vn 0.9280 0.3230 0.1856
vn -0.1550 0.6745 -0.7218
vn 0.9401 0.2429 -0.2391
vn -0.8957 0.4133 0.1643
vn -0.9876 0.1569 -0.0014
vn -0.5624 0.3928 0.7276
vn -0.5358 0.3931 0.7473
vn -0.3483 -0.9199 0.1799
vn -0.4842 -0.7353 0.4742
vn -0.5831 0.7294 -0.3577
vn -0.2955 0.5623 -0.7724
vn 0.2147 0.9492 -0.2301
vn -0.8267 0.4136 -0.3814
vn -0.7470 0.2136 -0.6295
vn -0.4817 -0.1318 -0.8663
vn 0.2770 -0.8572 -0.4341
vn -0.8043 -0.1733 -0.5684
vn -0.5800 0.5823 0.5697
vn -0.2563 0.6670 0.6996
vn 0.8701 0.4568 0.1852
vn 0.8959 0.4346 -0.0918
vn 0.3483 0.9019 0.2556
vn 0.7754 -0.6302 -0.0392
vn 0.8808 -0.4167 0.2248
vn 0.9016 -0.4002 0.1641
vn 0.9002 -0.4317 0.0572
vn -0.6811 -0.4824 -0.5509
vn -0.2513 -0.5295 -0.8102
vn -0.5546 -0.3845 -0.7380
vn -0.4415 -0.7067 -0.5528
vn 0.1462 -0.4500 -0.8810
vn -0.0495 -0.4286 -0.9021
vn 0.8343 0.0152 0.5512
vn 0.3529 0.7464 0.5642
vn 0.0842 -0.2484 0.9650
vn 0.5000 -0.8659 -0.0131
vn 0.6285 -0.7203 -0.2936
vn 0.3593 -0.7494 -0.5562
vn -0.3498 -0.9181 -0.1865
vn 0.2786 -0.4209 -0.8633
vn -0.1207 -0.9805 0.1551
vn 0.4567 0.5824 0.6725
vn 0.2139 0.7423 0.6350
vn -0.1728 0.8944 0.4124
vn 0.7059 0.7066 0.0492
vn 0.6366 0.7439 0.2033
vn 0.8595 -0.3040 0.4109
vn 0.4360 0.5448 0.7163
vn 0.9769 -0.0020 0.2137
vn -0.8516 -0.5241 -0.0059
vn -0.7934 -0.5736 -0.2037
vn -0.9213 0.3649 0.1343
vn -0.7139 -0.6968 -0.0694
vn -0.3523 -0.8716 0.3409
vn -0.6247 0.1198 0.7716
vn 0.8476 0.4622 0.2605
vn -0.0990 -0.7100 0.6972
vn -0.5247 -0.8037 0.2807
vn -0.0644 -0.9576 0.2810
vn -0.0104 -0.6774 0.7355
vn 0.4368 -0.8573 0.2724
vn 0.6811 -0.7280 -0.0780
vn 0.5677 -0.7908 0.2287
vn 0.6344 -0.7276 0.2610
vn 0.7996 0.5422 0.2583
vn 0.9917 0.1207 -0.0439
vn -0.1412 -0.9038 0.4040
vn -0.4895 -0.7466 0.4504
vn 0.2774 -0.9595 0.0491
vn -0.3286 -0.9415 -0.0754
vn -0.4995 -0.8572 0.1249
vn -0.3508 -0.9346 -0.0583
vn 0.4463 -0.8692 0.2128
vn 0.0249 -0.8378 0.5454
vn -0.3993 -0.4731 -0.7854
vn 0.9474 -0.3046 -0.0982
vn 0.9522 -0.3040 -0.0281
vn 0.2485 -0.8529 0.4591
vn 0.3777 -0.7984 0.4690
vn 0.1623 -0.9828 -0.0876
vn 0.1672 -0.6629 -0.7298
vn 0.1968 -0.9662 0.1668
vn 0.6183 -0.7685 -0.1645
vn -0.1889 -0.9609 -0.2026
vn 0.5881 -0.4109 -0.6966
vn -0.7546 -0.5093 0.4137
vn -0.4938 -0.8348 0.2436
vn 0.4527 -0.7240 0.5204
vn -0.2669 -0.9572 -0.1118
vn -0.5824 -0.4592 -0.6707
vn -0.4277 -0.9000 -0.0837
vn -0.8512 -0.5181 -0.0841
vn 0.9699 -0.0572 0.2369
vn 0.7663 0.0545 0.6402
vn 0.9929 0.0801 -0.0879
vn 0.4729 -0.5804 0.6629
vn 0.7757 0.4423 -0.4501
vn 0.5625 0.6409 0.5224
vn 0.8346 -0.0748 0.5458
vn 0.2374 -0.8201 0.5207
vn 0.5587 -0.8074 0.1899
vn 0.7664 -0.4298 0.4774
vn -0.6136 -0.7858 0.0781
vn 0.5093 -0.8346 -0.2099
vn 0.1143 -0.1349 0.9842
vn 0.8749 -0.4726 0.1057
vn 0.9935 -0.0798 -0.0810
vn 0.9399 -0.1689 -0.2967
vn 0.3046 -0.9338 -0.1876
vn 0.3271 -0.6466 -0.6891
vn 0.0661 -0.6851 -0.7254
vn 0.4687 -0.7539 -0.4603
vn 0.8434 0.2945 -0.4493
vn 0.6956 0.1356 -0.7055
vn 0.5574 0.4170 -0.7179
vn 0.6776 -0.5094 -0.5304
vn 0.4079 -0.5147 -0.7541
vn 0.4882 -0.5314 -0.6923
vn 0.5768 -0.5140 -0.6349
vn 0.4888 -0.5511 -0.6763
vn 0.8621 -0.2934 -0.4132
vn 0.9386 -0.1940 -0.2853
vn 0.8541 -0.2199 -0.4713
vn 0.6771 -0.3745 -0.6335
vn 0.3828 -0.3566 -0.8522
vn 0.4789 -0.6007 -0.6402
vn 0.2744 -0.8699 -0.4099
vn 0.1993 -0.4926 -0.8471
vn 0.2107 -0.9757 -0.0599
vn 0.9172 -0.1716 -0.3596
vn -0.3802 -0.9083 0.1745
vn -0.8327 -0.5227 0.1828
vn -0.0898 -0.5131 -0.8536
vn -0.1371 -0.3040 -0.9427
vn -0.1093 -0.9707 -0.2141
vn -0.3730 -0.4621 0.8046
vn 0.0780 -0.7933 0.6038
vn -0.0192 -0.9979 -0.0626
vn 0.0751 -0.6557 -0.7513
vn 0.0157 -0.3042 -0.9525
vn 0.1897 -0.4033 -0.8952
vn 0.1624 -0.2049 -0.9652
vn 0.0193 -0.0219 -0.9996
vn 0.1692 0.2353 -0.9571
vn 0.0701 0.3404 -0.9377
vn 0.1729 0.6154 -0.7690
vn -0.0287 0.7289 -0.6841
vn 0.0218 0.9463 -0.3226
vn 0.1137 0.8680 -0.4834
vn 0.1999 0.9548 -0.2201
vn 0.1333 0.9888 -0.0672
vn 0.1542 0.9798 0.1273
vn 0.1524 0.9132 0.3781
vn 0.2282 0.9459 0.2308
vn -0.0109 0.4641 0.8857
vn 0.0544 0.4975 0.8658
vn 0.0589 0.6533 0.7548
vn 0.0113 -0.0031 0.9999
vn 0.0180 -0.1030 0.9945
vn 0.0869 -0.5201 0.8496
vn 0.4340 -0.5018 0.7482
vn 0.1696 -0.9760 0.1364
vn 0.3987 -0.4804 0.7812
vn 0.3359 -0.8360 -0.4339
vn -0.2635 -0.9491 -0.1727
vn 0.2077 -0.6553 0.7263
vn -0.5945 -0.7988 0.0919
vn -0.2389 -0.9695 0.0553
vn -0.9497 -0.2979 0.0965
vn 0.9173 -0.0496 0.3951
vn -0.2995 -0.4069 0.8630
vn -0.6888 -0.0902 -0.7193
vn -0.3127 0.3940 0.8643
vn 0.1030 0.5454 0.8318
vn -0.1842 0.9823 -0.0350
vn 0.0559 0.5608 -0.8261
vn 0.3721 0.7988 -0.4727
vn 0.9185 0.3918 0.0537
vn 0.9421 -0.3311 -0.0529
vn 0.8901 -0.4420 0.1108
vn 0.9953 -0.0937 -0.0236
vn 0.7379 -0.6129 0.2826
vn 0.2847 -0.9181 0.2759
vn 0.1635 -0.8944 0.4164
vn 0.8810 -0.4614 0.1046
vn 0.1130 -0.9313 0.3463
vn -0.6321 -0.2482 0.7340
vn -0.3478 0.7367 0.5800
vn -0.6430 0.6555 0.3961
vn 0.9570 0.2666 0.1143
vn 0.7077 -0.6685 0.2286
vn 0.4384 0.8440 -0.3090
vn -0.6645 0.1864 0.7237
vn 0.1963 -0.9695 0.1464
vn 0.3826 -0.9239 -0.0021
vn -0.0010 -0.9741 -0.2261
vn 0.6594 -0.6894 -0.2999
vn 0.6713 -0.7390 -0.0571
vn 0.8769 -0.4727 0.0870
vn -0.0541 -0.3710 0.9271
vn 0.7161 0.4347 0.5461
vn 0.9257 0.2569 0.2776
vn 0.6805 0.7193 -0.1400
vn 0.3187 0.9206 0.2258
vn 0.4034 0.1915 0.8948
vn 0.5273 -0.2226 0.8200
vn 0.9510 0.0195 0.3085
vn 0.9527 -0.3040 0.0043
vn 0.2663 -0.9220 -0.2811
vn 0.4812 -0.7835 -0.3931
vn -0.5074 -0.7541 -0.4171
vn -0.3411 -0.9171 -0.2063
vn 0.1414 -0.9270 -0.3473
vn 0.7618 -0.6471 -0.0299
vn 0.9568 -0.0981 -0.2737
vn -0.0313 0.9970 -0.0713
vn -0.1656 0.9857 -0.0312
vn -0.7536 0.6342 -0.1727
vn -0.0796 -0.8935 -0.4420
vn 0.1182 -0.9709 -0.2085
vn 0.7222 -0.6833 0.1074
vn 0.8041 -0.5450 -0.2374
vn 0.9028 -0.4168 0.1061
vn 0.9656 -0.2551 -0.0505
vn 0.6801 -0.7293 0.0744
vn 0.8895 -0.4569 -0.0034
vn 0.9680 -0.2507 0.0079
vn 0.6044 -0.6697 -0.4314
vn 0.8752 -0.2853 -0.3908
vn 0.3050 -0.9482 -0.0886
vn 0.0468 -0.5984 -0.7999
vn -0.3800 -0.4442 -0.8114
vn -0.2117 -0.8667 -0.4518
vn -0.2723 -0.9344 -0.2296
vn -0.2036 -0.9384 -0.2790
vn 0.6364 -0.7455 0.1978
vn 0.9219 -0.2358 0.3073
vn 0.7104 -0.4086 0.5731
vn 0.4985 -0.4627 0.7331
vn -0.1357 -0.9862 -0.0953
vn -0.0587 -0.9890 -0.1356
vn -0.6860 -0.7117 -0.1512
vn -0.6384 -0.6955 -0.3296
vn -0.9375 -0.3469 -0.0264
vn -0.8732 -0.4090 -0.2649
vn -0.9563 -0.2895 -0.0415
vn -0.8476 -0.4973 -0.1849
vn -0.4940 -0.8115 -0.3120
vn -0.3950 -0.8552 -0.3354
vn -0.9710 -0.2201 -0.0936
vn -0.7350 -0.5912 -0.3320
vn -0.8021 -0.5795 -0.1441
vn -0.8179 -0.5388 -0.2017
vn 0.1077 -0.9933 0.0428
vn -0.0573 -0.7719 0.6331
vn -0.0536 -0.9984 -0.0196
vn 0.1992 -0.1718 0.9648
vn -0.1253 0.2267 0.9659
vn -0.0164 -0.8077 -0.5894
vn -0.0168 -0.9516 -0.3070
vn -0.3264 -0.1642 -0.9309
vn 0.0307 -0.9643 -0.2631
vn -0.1744 -0.6155 -0.7686
vn -0.0131 -0.9364 -0.3507
vn -0.0159 -0.7819 -0.6232
vn -0.8356 -0.4893 -0.2498
vn -0.5195 -0.5697 -0.6368
vn -0.5007 -0.0996 -0.8599
vn -0.8170 -0.3140 -0.4836
vn -0.5511 -0.2722 -0.7888
vn -0.2411 -0.3343 -0.9111
vn 0.5473 -0.4756 -0.6887
vn 0.8910 -0.4398 -0.1127
vn 0.8208 -0.5689 0.0515
vn 0.7793 -0.6229 -0.0676
vn 0.6946 -0.7194 -0.0080
vn -0.5959 -0.6525 -0.4681
vn -0.8468 -0.5003 -0.1807
vn -0.7152 0.5126 -0.4751
vn -0.7687 0.5994 -0.2233
vn -0.4173 0.9052 -0.0807
vn 0.5820 0.8111 -0.0582
vn 0.4402 0.5580 -0.7035
vn 0.5543 0.6650 -0.5006
vn 0.6947 0.6089 -0.3829
vn 0.5393 -0.2373 0.8080
vn 0.5104 0.0219 0.8596
vn 0.4388 0.4101 0.7995
vn 0.9760 0.0394 0.2140
vn 0.9361 -0.0339 0.3501
vn 0.7089 -0.6910 0.1418
vn 0.9034 -0.3775 -0.2034
vn 0.8638 -0.4634 0.1977
vn 0.4849 -0.8742 -0.0258
vn 0.6076 -0.7905 -0.0773
vn 0.8648 -0.4600 0.2011
vn 0.7289 -0.6786 -0.0909
vn 0.8594 -0.2604 0.4401
vn 0.8161 -0.5778 0.0060
vn 0.3851 -0.8491 0.3616
vn 0.4803 -0.5187 0.7073
vn 0.5506 -0.8102 0.2012
vn 0.9754 -0.1722 0.1374
vn -0.4351 -0.8141 -0.3846
vn -0.7653 -0.6435 -0.0142
vn -0.5163 -0.8518 0.0888
vn 0.9894 -0.1351 -0.0528
vn 0.9696 -0.0000 -0.2445
vn 0.7322 -0.1182 -0.6708
vn 0.8847 0.0612 -0.4620
vn 0.4739 0.0985 -0.8750
vn 0.2564 0.1434 -0.9559
vn 0.9834 0.1709 -0.0608
vn 0.9940 -0.0212 0.1069
vn 0.9384 -0.1337 0.3186
vn 0.9729 0.0641 0.2223
vn 0.9599 0.2798 0.0187
vn 0.9649 0.2115 0.1560
vn 0.3475 0.3827 -0.8560
vn 0.4796 0.5952 -0.6448
vn 0.6650 0.5813 -0.4690
vn 0.8128 0.5232 -0.2562
vn 0.6501 0.7365 -0.1869
vn 0.8654 0.4937 -0.0862
vn 0.8514 0.5221 0.0500
vn 0.9067 0.3641 0.2128
vn 0.4213 0.8202 -0.3869
vn 0.3530 0.9343 -0.0492
vn 0.6263 0.7795 -0.0096
vn 0.3630 0.9296 0.0637
vn 0.5361 0.8254 0.1772
vn 0.7223 0.6636 0.1949
vn 0.6310 0.6474 0.4274
vn 0.5779 0.5293 0.6212
vn 0.3106 0.8172 0.4855
vn 0.0021 0.8361 0.5486
vn 0.2744 0.5618 0.7805
vn 0.2107 0.2802 0.9365
vn 0.2804 -0.5971 0.7516
vn -0.7205 -0.5689 0.3965
vn -0.1449 -0.8116 0.5659
vn -0.4188 -0.4937 0.7622
vn -0.6650 -0.5971 0.4486
vn -0.0671 -0.3123 0.9476
vn -0.6758 -0.6517 -0.3444
vn -0.5398 -0.8054 -0.2447
vn 0.0893 -0.7036 -0.7050
vn -0.0486 -0.9721 -0.2294
vn -0.4223 -0.0190 -0.9063
vn -0.4686 -0.4645 -0.7514
vn -0.4691 -0.3350 -0.8172
vn -0.3816 0.3832 0.8412
vn -0.8761 0.0818 0.4751
vn -0.1251 -0.2665 0.9557
vn -0.8898 0.4254 0.1649
vn -0.9429 -0.3310 0.0376
vn -0.2895 0.9527 -0.0926
vn -0.8941 0.4390 0.0890
vn -0.9748 -0.1769 -0.1356
vn 0.4439 0.0174 0.8959
vn -0.9788 -0.1544 0.1349
vn -0.1129 -0.5137 0.8505
vn -0.8426 -0.5340 -0.0701
vn 0.0102 -0.9981 -0.0615
vn -0.7664 -0.6112 0.1977
vn -0.0310 -0.9890 0.1443
vn -0.8891 -0.4503 -0.0821
vn -0.9206 -0.3904 -0.0011
vn 0.0210 -0.1946 0.9807
vn -0.9505 -0.2194 0.2199
vn 0.5951 0.3891 0.7032
vn -0.0678 0.1446 0.9872
vn 0.0006 0.6965 0.7175
vn -0.4385 0.8987 -0.0067
vn -0.1430 0.5429 0.8275
vn -0.5192 0.4512 0.7258
vn -0.5924 0.1182 0.7969
vn -0.6403 0.0820 0.7638
vn -0.7235 0.0070 0.6903
vn 0.3646 -0.4214 -0.8304
vn 0.5857 -0.6008 -0.5440
vn 0.4202 -0.5856 -0.6932
vn -0.5593 0.2305 0.7963
vn -0.3890 0.5063 0.7697
vn -0.4347 -0.0111 0.9005
vn -0.4864 -0.4620 0.7416
vn -0.3043 -0.0886 0.9485
vn -0.3248 -0.4616 0.8255
vn -0.1714 0.9410 0.2918
vn -0.9116 0.2530 0.3240
vn -0.6425 -0.1029 0.7593
vn -0.4311 0.0666 0.8998
vn -0.5556 -0.3940 0.7322
vn -0.8441 0.4457 -0.2980
vn -0.9845 0.1576 0.0772
vn -0.8835 0.2211 -0.4130
vn -0.8717 -0.1437 0.4685
vn -0.6439 0.3792 0.6646
vn 0.7086 0.5399 -0.4544
vn 0.4528 0.8696 0.1968
vn 0.5375 0.3631 -0.7611
vn 0.6942 0.6230 -0.3605
vn 0.4753 0.7966 -0.3736
vn 0.6247 0.7772 -0.0756
vn -0.9461 0.1412 0.2915
vn -0.7691 0.0071 0.6390
vn -0.4627 0.2677 0.8451
vn -0.9609 0.2268 -0.1586
vn -0.8418 -0.2494 0.4787
vn -0.7999 -0.5722 0.1812
vn -0.3309 -0.9045 -0.2691
vn -0.2883 -0.7550 0.5890
vn -0.5485 0.5036 0.6675
vn -0.8132 0.5502 0.1897
vn -0.4276 0.6242 0.6538
vn -0.3766 0.8402 0.3902
vn -0.9978 -0.0655 -0.0099
vn -0.9260 0.1557 0.3440
vn -0.8181 -0.0440 -0.5734
vn -0.7218 0.6920 0.0139
vn -0.9137 0.3359 -0.2289
vn -0.0020 0.4553 0.8903
vn 0.7313 -0.6646 0.1531
vn 0.9158 0.0182 0.4012
vn 0.6821 -0.4082 0.6068
vn -0.9230 -0.1798 -0.3402
vn -0.3674 0.1361 -0.9200
vn -0.3784 0.3564 -0.8543
vn 0.0315 0.9963 0.0801
vn -0.6220 0.7802 -0.0661
vn -0.4342 0.8997 -0.0438
vn 0.2176 0.8145 0.5378
vn 0.4217 -0.5335 -0.7332
vn -0.0002 -0.8056 -0.5924
vn -0.9252 0.3316 0.1844
vn -0.9464 0.0645 -0.3165
vn 0.1791 0.6411 -0.7463
vn -0.9660 0.2261 -0.1253
vn 0.9972 -0.0744 -0.0118
vn 0.8973 0.4021 0.1820
vn 0.5614 0.3937 0.7279
vn 0.5343 0.3905 0.7497
vn 0.3476 -0.9259 0.1477
vn 0.4817 -0.7392 0.4707
vn 0.5821 0.7298 -0.3586
vn 0.2950 0.5621 -0.7726
vn -0.1490 0.9570 -0.2488
vn 0.7459 0.2135 -0.6309
vn 0.8258 0.4139 -0.3830
vn 0.5257 -0.5202 -0.6731
vn -0.1156 -0.6810 -0.7230
vn 0.8096 -0.1878 -0.5561
vn 0.2097 0.6831 0.6995
vn 0.5774 0.5857 0.5688
vn -0.8660 0.4624 0.1903
vn -0.8891 0.4500 -0.0840
vn -0.3289 0.9083 0.2586
vn -0.7648 -0.6426 -0.0473
vn -0.9010 -0.4009 0.1658
vn -0.8803 -0.4162 0.2277
vn -0.8998 -0.4325 0.0585
vn 0.6638 -0.4890 -0.5659
vn 0.5539 -0.3843 -0.7386
vn 0.3126 -0.3781 -0.8714
vn 0.4512 -0.6977 -0.5564
vn 0.0489 -0.4287 -0.9021
vn 0.0034 -0.5422 -0.8403
vn -0.8359 0.0067 0.5489
vn -0.0813 -0.2395 0.9675
vn -0.3542 0.7466 0.5632
vn -0.4987 -0.8667 -0.0102
vn -0.3316 -0.7590 -0.5603
vn -0.6284 -0.7208 -0.2925
vn 0.3383 -0.9145 -0.2219
vn -0.2808 -0.4187 -0.8636
vn 0.1034 -0.9819 0.1586
vn -0.4558 0.5821 0.6733
vn -0.7016 0.7103 0.0560
vn 0.1719 0.8950 0.4117
vn -0.2161 0.7417 0.6350
vn -0.6355 0.7444 0.2049
vn -0.8499 -0.2978 0.4347
vn -0.9700 0.0212 0.2421
vn -0.4351 0.5448 0.7168
vn 0.8505 -0.5260 -0.0085
vn 0.9209 0.3664 0.1331
vn 0.8133 -0.5489 -0.1928
vn 0.7126 -0.6980 -0.0715
vn 0.3660 -0.8668 0.3388
vn -0.8469 0.4621 0.2631
vn 0.6247 0.1200 0.7716
vn 0.0248 -0.7225 0.6909
vn -0.0023 -0.6228 0.7824
vn 0.0647 -0.9577 0.2804
vn 0.5171 -0.7943 0.3189
vn -0.6707 -0.7399 -0.0522
vn -0.4281 -0.8578 0.2846
vn -0.6647 -0.7093 0.2346
vn -0.5521 -0.7995 0.2365
vn -0.7795 0.5700 0.2598
vn -0.9896 0.1392 -0.0347
vn 0.0877 -0.9144 0.3952
vn 0.4584 -0.7751 0.4348
vn -0.3233 -0.9443 0.0614
vn 0.3492 -0.9350 -0.0620
vn 0.5608 -0.8250 0.0696
vn -0.4399 -0.8778 0.1897
vn 0.2982 -0.9539 -0.0339
vn 0.3829 -0.4750 -0.7923
vn -0.0361 -0.8431 0.5365
vn -0.9536 -0.2971 -0.0482
vn -0.9318 -0.3574 -0.0628
vn -0.3423 -0.8915 0.2969
vn -0.3447 -0.7932 0.5020
vn -0.1215 -0.9896 -0.0772
vn -0.1654 -0.6599 -0.7329
vn -0.5624 -0.8195 -0.1102
vn -0.1635 -0.9639 0.2100
vn 0.0943 -0.9711 -0.2193
vn -0.5890 -0.4167 -0.6924
vn 0.8474 -0.3914 0.3589
vn -0.3994 -0.7298 0.5548
vn 0.4796 -0.8433 0.2426
vn 0.4619 -0.8855 -0.0510
vn 0.6021 -0.4222 -0.6777
vn 0.8502 -0.5201 -0.0811
vn 0.4330 -0.8957 -0.1007
vn -0.9819 -0.0924 0.1656
vn -0.9971 0.0520 -0.0554
vn -0.7470 0.0609 0.6621
vn -0.4859 -0.5777 0.6559
vn -0.7980 0.4306 -0.4216
vn -0.4911 0.7157 0.4966
vn -0.2329 -0.8280 0.5101
vn -0.8312 -0.0736 0.5511
vn -0.5916 -0.8022 0.0799
vn -0.7718 -0.3852 0.5059
vn -0.6139 -0.7598 -0.2139
vn 0.6293 -0.7715 0.0939
vn -0.0802 -0.1830 0.9798
vn -0.8860 -0.4584 0.0701
vn -0.9942 -0.0803 -0.0713
vn -0.9480 -0.1619 -0.2741
vn -0.3019 -0.9182 -0.2565
vn -0.0893 -0.7086 -0.7000
vn -0.3550 -0.6392 -0.6822
vn -0.4906 -0.7455 -0.4511
vn -0.8462 0.2911 -0.4463
vn -0.5640 0.4211 -0.7103
vn -0.6961 0.1342 -0.7053
vn -0.6817 -0.4765 -0.5552
vn -0.4120 -0.5075 -0.7568
vn -0.5748 -0.5427 -0.6125
vn -0.5017 -0.5243 -0.6880
vn -0.4803 -0.5575 -0.6771
vn -0.8627 -0.2937 -0.4118
vn -0.9485 -0.1809 -0.2600
vn -0.8554 -0.2178 -0.4700
vn -0.6795 -0.3688 -0.6343
vn -0.3857 -0.3510 -0.8533
vn -0.4352 -0.6087 -0.6634
vn -0.1943 -0.4958 -0.8464
vn -0.2320 -0.8804 -0.4137
vn -0.2260 -0.9730 -0.0464
vn -0.8525 -0.2692 -0.4481
vn 0.3820 -0.9065 0.1796
vn 0.8330 -0.5232 0.1799
vn 0.0896 -0.5132 -0.8536
vn 0.1361 -0.3047 -0.9427
vn 0.1105 -0.9696 -0.2181
vn 0.3735 -0.4632 0.8037
vn -0.1114 -0.7596 0.6407
vn 0.0190 -0.9980 -0.0609
vn -0.0580 -0.7205 -0.6910
vn -0.0199 -0.4377 -0.8989
vn -0.2030 -0.4035 -0.8922
vn -0.1737 -0.2064 -0.9629
vn -0.0193 -0.0220 -0.9996
vn -0.1716 0.2365 -0.9564
vn -0.0694 0.3402 -0.9378
vn -0.1765 0.6176 -0.7664
vn 0.0287 0.7294 -0.6835
vn -0.1118 0.8678 -0.4842
vn -0.0219 0.9464 -0.3223
vn -0.2032 0.9539 -0.2210
vn -0.1335 0.9888 -0.0667
vn -0.1537 0.9832 0.0981
vn -0.2068 0.9522 0.2250
vn -0.0912 0.4771 0.8741
vn -0.0163 0.0271 0.9995
vn -0.4591 -0.4773 0.7493
vn -0.0837 -0.7497 0.6564
vn -0.3231 -0.4477 0.8338
vn -0.1736 -0.9755 0.1349
vn 0.2633 -0.9490 -0.1731
vn -0.3356 -0.8360 -0.4341
vn -0.2035 -0.6530 0.7295
vn 0.5964 -0.7959 0.1038
vn 0.2459 -0.9675 0.0596
vn 0.9522 -0.2878 0.1023
vn -0.9171 -0.0504 0.3954
vn 0.3525 -0.3121 0.8823
vn 0.3075 0.3754 0.8744
vn 0.6879 -0.0899 -0.7202
vn -0.1129 0.5476 0.8291
vn 0.1489 0.9882 -0.0347
vn 0.1040 0.6156 -0.7812
vn -0.3843 0.8049 -0.4522
vn -0.9882 -0.0779 0.1319
vn -0.9302 -0.3591 -0.0756
vn -0.9953 -0.0967 -0.0043
vn -0.7251 -0.6200 0.2997
vn -0.1371 -0.9037 0.4055
vn -0.2935 -0.9112 0.2892
vn -0.8933 -0.4438 0.0708
vn -0.1128 -0.9328 0.3423
vn 0.6378 -0.2363 0.7331
vn 0.6517 0.6575 0.3782
vn 0.3509 0.7338 0.5817
vn -0.9574 0.2469 0.1496
vn -0.7070 -0.6689 0.2296
vn -0.4134 0.8486 -0.3302
vn 0.6659 0.1806 0.7239
vn -0.1960 -0.9696 0.1464
vn -0.3660 -0.9306 0.0005
vn -0.6588 -0.6901 -0.2997
vn 0.0010 -0.9741 -0.2262
vn -0.6665 -0.7445 -0.0388
vn -0.7769 -0.6294 -0.0182
vn -0.1257 -0.5849 0.8013
vn -0.9256 0.2563 0.2787
vn -0.7432 0.4200 0.5208
vn -0.6806 0.7192 -0.1400
vn -0.3264 0.9251 0.1939
vn -0.4286 0.2041 0.8801
vn -0.5267 -0.2318 0.8178
vn -0.9463 0.0369 0.3212
vn -0.9543 -0.2989 0.0035
vn -0.3308 -0.9060 -0.2640
vn -0.5270 -0.7588 -0.3828
vn 0.5469 -0.7336 -0.4033
vn 0.3400 -0.9173 -0.2073
vn -0.1418 -0.9270 -0.3473
vn -0.7628 -0.6461 -0.0277
vn -0.9587 -0.0862 -0.2710
vn -0.0289 0.9959 -0.0858
vn 0.1647 0.9862 -0.0150
vn 0.7524 0.6352 -0.1745
vn 0.0803 -0.8930 -0.4429
vn -0.1376 -0.9686 -0.2071
vn -0.7085 -0.7027 0.0647
vn -0.7982 -0.5571 -0.2290
vn -0.9664 -0.2520 -0.0511
vn -0.9163 -0.3986 0.0378
vn -0.6800 -0.7314 0.0509
vn -0.8949 -0.4463 -0.0001
vn -0.9681 -0.2504 0.0082
vn -0.8756 -0.2852 -0.3899
vn -0.6258 -0.6127 -0.4826
vn -0.2982 -0.9481 -0.1102
vn -0.0475 -0.5986 -0.7997
vn 0.3656 -0.4159 -0.8327
vn 0.2111 -0.8667 -0.4520
vn 0.2719 -0.9315 -0.2417
vn 0.1193 -0.9928 0.0111
vn -0.5971 -0.7860 0.1602
vn -0.9236 -0.1856 0.3355
vn -0.7172 -0.4295 0.5488
vn -0.4816 -0.5067 0.7151
vn -0.1336 -0.9903 0.0376
vn -0.0458 -0.9955 -0.0831
vn 0.6803 -0.7125 -0.1716
vn 0.6374 -0.6960 -0.3305
vn 0.8723 -0.4099 -0.2665
vn 0.9641 -0.1986 -0.1762
vn 0.8942 -0.2951 -0.3366
vn 0.8458 -0.4929 -0.2041
vn 0.5067 -0.7963 -0.3304
vn 0.4008 -0.8541 -0.3314
vn 0.9096 -0.3122 -0.2740
vn 0.7492 -0.5835 -0.3134
vn 0.9326 0.1348 -0.3349
vn -0.0829 -0.9939 -0.0723
vn -0.2457 -0.1273 0.9609
vn 0.1372 -0.7573 -0.6385
vn -0.0200 -0.3092 -0.9508
vn -0.0307 -0.9643 -0.2631
vn 0.1742 -0.6162 -0.7681
vn 0.0121 -0.9364 -0.3507
vn 0.0158 -0.7816 -0.6236
vn 0.8349 -0.4902 -0.2502
vn 0.7442 -0.4485 -0.4949
vn 0.1234 -0.8035 -0.5823
vn 0.8160 -0.3149 -0.4848
vn 0.2475 -0.4056 -0.8799
vn 0.5347 -0.3251 -0.7800
vn -0.5050 -0.4985 -0.7046
vn -0.8370 -0.4569 -0.3012
vn -0.8205 -0.5692 0.0525
vn -0.7792 -0.6233 -0.0665
vn -0.6943 -0.7197 -0.0070
vn 0.5948 -0.6529 -0.4690
vn 0.8460 -0.5012 -0.1821
vn 0.7677 0.6000 -0.2251
vn 0.7137 0.5138 -0.4760
vn 0.3659 0.8979 -0.2445
vn -0.6056 0.7929 -0.0672
vn -0.4401 0.5584 -0.7032
vn -0.5541 0.6648 -0.5010
vn -0.7023 0.5949 -0.3909
vn -0.3294 -0.3082 0.8925
vn -0.5475 0.0251 0.8364
vn -0.4029 0.3986 0.8239
vn -0.9749 0.0407 0.2191
vn -0.9233 -0.0106 0.3839
vn -0.9654 -0.2562 0.0475
vn -0.9034 -0.3782 -0.2022
vn -0.7081 -0.6915 0.1431
vn -0.8532 -0.4801 0.2039
vn -0.6068 -0.7911 -0.0765
vn -0.4838 -0.8748 -0.0251
vn -0.8676 -0.4501 0.2113
vn -0.7284 -0.6793 -0.0896
vn -0.8583 -0.2603 0.4422
vn -0.8201 -0.5719 0.0187
vn -0.3956 -0.8648 0.3091
vn -0.4276 -0.5012 0.7523
vn -0.5498 -0.8104 0.2023
vn -0.9724 -0.1731 0.1567
vn 0.3897 -0.8221 -0.4150
vn 0.8200 -0.5690 0.0610
vn 0.5434 -0.8355 0.0819
vn -0.9903 -0.1305 -0.0485
vn -0.9712 -0.0061 -0.2384
vn -0.8902 0.0631 -0.4511
vn -0.7337 -0.1130 -0.6700
vn -0.4773 0.1017 -0.8728
vn -0.2639 0.1489 -0.9530
vn -0.9934 -0.0328 0.1097
vn -0.9845 0.1654 -0.0578
vn -0.9403 -0.1339 0.3129
vn -0.9728 0.0611 0.2234
vn -0.9652 0.2002 0.1680
vn -0.9602 0.2784 0.0229
vn -0.3562 0.3887 -0.8497
vn -0.4805 0.5963 -0.6430
vn -0.6709 0.5753 -0.4679
vn -0.8172 0.5171 -0.2546
vn -0.6528 0.7347 -0.1847
vn -0.8670 0.4911 -0.0837
vn -0.8464 0.5293 0.0596
vn -0.9114 0.3483 0.2193
vn -0.4175 0.8260 -0.3787
vn -0.3587 0.9322 -0.0477
vn -0.6299 0.7767 -0.0058
vn -0.5628 0.8071 0.1785
vn -0.3546 0.9320 0.0753
vn -0.6862 0.6596 0.3067
vn -0.5975 0.6013 0.5306
vn -0.3343 0.8395 0.4284
vn -0.3295 0.6816 0.6533
vn -0.4199 0.5026 0.7557
vn -0.1209 0.5937 0.7956
vn -0.2113 0.2750 0.9379
vn -0.2883 -0.6257 0.7249
vn 0.7197 -0.5698 0.3967
vn 0.1483 -0.8297 0.5381
vn 0.4254 -0.4951 0.7576
vn 0.6527 -0.6108 0.4483
vn 0.0670 -0.3130 0.9474
vn 0.6752 -0.6516 -0.3457
vn 0.5412 -0.8032 -0.2489
vn 0.0484 -0.9720 -0.2299
vn -0.0896 -0.7036 -0.7049
vn 0.4217 -0.0186 -0.9066
vn 0.4678 -0.4643 -0.7521
vn 0.4685 -0.3347 -0.8176
vn 0.3511 0.4014 0.8459
vn 0.1011 -0.4116 0.9057
vn 0.8586 0.0771 0.5068
vn 0.8737 -0.4698 0.1263
vn 0.9483 -0.3169 0.0181
vn 0.8912 0.4208 0.1693
vn 0.5238 0.8490 0.0691
vn 0.9788 -0.1507 -0.1387
vn 0.9174 0.3781 0.1242
vn 0.9788 -0.1546 0.1347
vn -0.4518 0.0119 0.8920
vn 0.1129 -0.5137 0.8505
vn 0.8429 -0.5335 -0.0700
vn 0.1880 -0.8973 -0.3993
vn 0.6383 -0.7677 -0.0570
vn 0.3569 -0.8794 0.3151
vn 0.9128 -0.4073 -0.0304
vn -0.0207 -0.1947 0.9806
vn 0.8869 -0.4493 -0.1075
vn -0.5685 0.4028 0.7173
vn -0.8714 0.0667 0.4861
vn -0.0005 0.6972 0.7169
vn 0.2138 0.3651 -0.9061
vn -0.5721 0.5892 -0.5705
vn -0.4927 -0.2463 -0.8347
vn 0.1408 -0.5527 0.8214
vn 0.3938 -0.9153 0.0845
vn 0.5531 -0.3729 0.7450
vn 0.2409 0.9468 0.2134
vn 0.0663 0.9758 0.2086
vn -0.0255 0.2603 0.9652
vn 0.4466 0.3472 0.8246
vn 0.4705 -0.0075 0.8823
vn -0.1417 0.0397 0.9891
vn -0.3334 -0.7943 -0.5078
vn -0.2151 -0.7617 -0.6112
vn -0.8445 -0.3496 -0.4056
vn -0.1512 0.9708 0.1864
vn 0.2647 -0.9473 -0.1806
vn 0.8986 -0.4277 0.0978
vn 0.1273 -0.1593 -0.9790
vn 0.9633 -0.1811 -0.1980
vn 0.6111 -0.5287 -0.5891
vn -0.9560 0.0561 -0.2881
vn -0.7994 -0.0093 -0.6007
vn -0.7193 -0.2694 -0.6404
vn 0.3303 -0.4584 -0.8251
vn -0.9520 -0.0738 -0.2970
vn -0.7643 0.2482 -0.5952
vn 0.6430 0.3206 -0.6956
vn 0.9767 -0.1546 0.1491
vn -0.9415 0.2003 -0.2711
vn 0.0585 0.0426 0.9974
vn 0.0001 -0.8185 -0.5745
vn -0.0018 -0.3667 -0.9303
vn -0.9097 0.1327 -0.3934
vn -0.5943 -0.3733 -0.7124
vn -0.6949 -0.1142 -0.7100
vn -0.8621 0.0602 -0.5032
vn -0.6274 -0.5528 -0.5484
vn 0.3168 -0.7856 -0.5314
vn -0.7559 0.5266 0.3889
vn 0.0979 0.3947 0.9136
vn -0.0508 0.9725 0.2275
vn -0.3779 -0.7901 -0.4827
vn -0.6656 -0.5505 -0.5039
vn -0.4975 -0.6279 -0.5986
vn -0.2067 -0.7720 -0.6010
vn -0.5724 0.8160 0.0803
vn -0.7787 0.3131 -0.5437
vn -0.9421 0.1881 -0.2775
vn 0.7898 0.1609 0.5919
vn 0.1922 0.8651 0.4632
vn -0.8627 0.3057 0.4028
vn -0.7985 -0.5140 -0.3133
vn -0.8400 -0.3528 -0.4122
vn -0.9579 -0.2258 -0.1773
vn 0.7934 0.6056 -0.0609
vn -0.6574 0.7349 0.1668
vn -0.6711 0.7326 -0.1134
vn 0.9476 -0.3169 0.0396
vn -0.7810 0.5633 0.2697
vn -0.5646 0.8208 0.0861
vn -0.9322 -0.0166 -0.3615
vn -0.9044 0.3636 -0.2230
vn -0.9799 0.0797 -0.1830
vn 0.9907 0.1140 0.0738
vn -0.5452 0.6881 0.4789
vn 0.2008 0.8981 0.3912
vn 0.2181 0.9059 0.3631
vn 0.6822 -0.1982 0.7038
vn -0.7326 -0.1093 0.6719
vn -0.6196 0.0957 0.7791
vn -0.8719 0.0563 -0.4865
vn -0.7749 0.2546 -0.5785
vn -0.4752 0.8310 0.2892
vn -0.7359 0.6570 -0.1635
vn -0.7240 -0.0511 -0.6879
vn -0.9612 0.2280 -0.1553
vn -0.8561 -0.1088 -0.5053
vn -0.6955 -0.4435 -0.5653
vn -0.6939 -0.2734 -0.6662
vn -0.8905 0.4018 -0.2136
vn 0.0098 0.9715 0.2368
vn 0.0157 0.7371 -0.6756
vn -0.2649 0.4225 0.8668
vn -0.8885 0.3687 0.2730
vn 0.8585 0.2251 0.4608
vn 0.9205 0.3703 -0.1249
vn -0.2378 0.2709 0.9328
vn 0.7733 0.4081 0.4852
vn -0.0685 0.5508 -0.8318
vn -0.8120 0.4220 -0.4032
vn -0.0016 0.7389 -0.6738
vn -0.4542 0.5024 -0.7357
vn -0.5441 -0.3371 0.7683
vn -0.4521 -0.8883 0.0806
vn -0.2975 0.9064 0.2998
vn -0.4738 0.3642 0.8018
vn 0.5215 -0.2222 -0.8238
vn 0.2150 -0.7621 -0.6108
vn 0.3327 -0.7948 -0.5076
vn 0.6332 -0.1967 -0.7486
vn 0.3631 0.8965 -0.2538
vn 0.1345 0.9908 0.0176
vn -0.8890 -0.4526 0.0691
vn -0.3035 -0.9097 -0.2833
vn -0.1398 -0.0934 -0.9858
vn -0.5628 -0.5227 -0.6403
vn -0.9636 -0.1888 -0.1895
vn 0.9584 -0.0019 -0.2853
vn 0.7178 -0.2707 -0.6415
vn 0.7981 -0.0107 -0.6025
vn -0.2984 -0.4929 -0.8173
vn -0.7020 0.3347 -0.6286
vn 0.7638 0.2488 -0.5955
vn 0.9519 -0.0726 -0.2976
vn -0.9719 -0.1700 0.1626
vn 0.9064 0.2240 -0.3581
vn 0.9046 0.1068 -0.4126
vn 0.5931 -0.3740 -0.7130
vn 0.6941 -0.1151 -0.7106
vn 0.8603 0.0589 -0.5065
vn 0.6257 -0.5541 -0.5491
vn -0.3007 -0.8490 -0.4345
vn 0.7368 0.5385 0.4087
vn 0.4151 0.8331 0.3655
vn -0.3701 0.7236 0.5826
vn -0.1768 0.4706 0.8644
vn 0.3788 -0.7893 -0.4832
vn 0.6655 -0.5501 -0.5045
vn 0.4961 -0.6294 -0.5981
vn 0.2066 -0.7724 -0.6006
vn 0.5480 0.8338 0.0672
vn 0.9373 0.1963 -0.2881
vn 0.7276 0.2776 -0.6274
vn -0.7886 0.1624 0.5931
vn -0.2340 0.8496 0.4727
vn 0.6267 0.7781 -0.0411
vn 0.8004 -0.5015 -0.3285
vn 0.9095 0.0831 -0.4073
vn 0.8043 -0.2735 -0.5275
vn -0.6840 0.7130 -0.1543
vn 0.6568 0.7358 0.1650
vn 0.7026 0.6853 -0.1916
vn -0.9423 -0.3223 0.0906
vn 0.7780 0.6283 -0.0049
vn 0.5641 0.8213 0.0846
vn 0.9371 -0.0117 -0.3488
vn 0.9767 0.0693 -0.2029
vn 0.8846 0.3320 -0.3276
vn -0.9941 0.0300 0.1046
vn 0.5156 0.6856 0.5139
vn -0.2002 0.8982 0.3914
vn -0.2204 0.9051 0.3636
vn -0.7067 -0.1212 0.6971
vn 0.6081 0.1140 0.7857
vn 0.7268 -0.0981 0.6798
vn 0.8707 0.0553 -0.4887
vn 0.7743 0.2549 -0.5793
vn 0.4750 0.8314 0.2884
vn 0.7351 0.6574 -0.1659
vn 0.7121 -0.0437 -0.7007
vn 0.9549 0.2547 -0.1528
vn 0.7336 -0.1760 -0.6564
vn 0.7126 -0.4237 -0.5592
vn 0.6836 -0.0614 -0.7272
vn 0.8852 0.4653 -0.0009
vn -0.0159 0.7372 -0.6755
vn -0.0097 0.9715 0.2366
vn 0.2600 0.4114 0.8736
vn 0.8666 0.4109 0.2832
vn -0.9203 0.3724 -0.1200
vn -0.8965 0.1365 0.4214
vn 0.1722 0.1278 0.9767
vn -0.8401 0.3021 0.4505
vn 0.0684 0.5507 -0.8319
vn 0.8425 0.4237 -0.3326
vn 0.0016 0.7389 -0.6739
vn 0.4503 0.5033 -0.7375
vn 0.1554 -0.6505 0.7435
vn -0.2002 0.0958 0.9751
vn -0.6094 0.0322 0.7922
vn -0.8540 -0.5154 0.0713
vn -0.9449 0.3200 -0.0691
vn -0.5455 0.0845 -0.8339
vn -0.3109 -0.2262 -0.9231
vn 0.6971 0.2391 -0.6759
vn 0.7258 -0.6514 -0.2211
vn 0.8136 0.1596 0.5591
vn -0.3818 -0.7097 0.5921
vn -0.7116 -0.5015 0.4921
vn -0.9321 0.0958 0.3494
vn -0.2803 0.0145 -0.9598
vn -0.3126 0.5646 -0.7639
vn -0.9588 -0.2597 -0.1152
vn -0.9838 -0.1741 0.0420
vn -0.9010 -0.3612 -0.2403
vn 0.0778 -0.4978 0.8638
vn -0.4389 0.1452 0.8867
vn -0.1442 -0.9111 -0.3861
vn 0.7241 -0.2470 0.6439
vn 0.6801 0.1577 0.7160
vn -0.5952 -0.2649 -0.7586
vn -0.4898 -0.1035 -0.8656
vn -0.1904 -0.0756 -0.9788
vn -0.1775 -0.1895 -0.9657
vn 0.9388 -0.3279 0.1056
vn 0.2756 0.1316 0.9522
vn -0.7059 0.2707 0.6545
vn -0.2703 0.0929 0.9583
vn 0.9534 -0.0955 -0.2863
vn 0.9592 0.2540 -0.1245
vn -0.6756 -0.3543 -0.6465
vn -0.6165 -0.2143 -0.7576
vn -0.4869 -0.2232 -0.8445
vn -0.6383 -0.4246 -0.6421
vn -0.0933 -0.9521 0.2912
vn 0.3612 -0.7622 -0.5372
vn 0.4276 -0.0461 -0.9028
vn 0.3774 -0.9197 -0.1078
vn 0.2788 0.9402 -0.1957
vn -0.3247 -0.2085 0.9225
vn 0.2196 0.2788 0.9349
vn -0.9641 0.0571 0.2593
vn -0.9342 -0.3533 0.0486
vn -0.7972 -0.2785 -0.5357
vn -0.7405 -0.1467 -0.6558
vn -0.2028 -0.0218 -0.9790
vn 0.6521 -0.4570 0.6049
vn -0.3483 -0.9214 -0.1724
vn 0.6839 -0.7084 -0.1745
vn -0.6226 -0.6371 0.4544
vn 0.9478 0.0547 -0.3143
vn -0.9311 -0.3004 -0.2071
vn -0.9754 -0.0541 -0.2136
vn -0.4997 -0.5154 -0.6962
vn -0.2918 0.0475 -0.9553
vn -0.1749 -0.6081 0.7744
vn 0.4522 0.0376 0.8911
vn -0.6612 0.0380 0.7493
vn -0.6321 -0.1718 0.7556
vn -0.7699 -0.6346 -0.0665
vn -0.9978 0.0299 -0.0596
vn -0.8062 0.1728 -0.5658
vn -0.6889 0.1462 -0.7099
vn 0.6779 -0.7299 0.0875
vn 0.7633 0.2046 -0.6128
vn -0.4579 -0.3254 -0.8273
vn -0.6245 -0.4970 0.6025
vn -0.2724 -0.1081 -0.9561
vn -0.4179 0.2130 -0.8832
vn -0.4592 -0.3762 0.8048
vn 0.0666 -0.0739 0.9950
vn -0.5367 0.1691 0.8267
vn -0.7052 -0.7042 -0.0818
vn -0.9981 0.0435 -0.0427
vn -0.8259 0.2146 -0.5214
vn -0.3660 0.1436 -0.9195
vn 0.7228 -0.6907 -0.0235
vn 0.9363 0.1497 0.3177
vn 0.2596 -0.4846 -0.8353
vn 0.4139 0.1460 -0.8986
vn -0.8267 -0.2552 0.5015
vn -0.5564 -0.1662 -0.8141
vn -0.6056 0.1694 -0.7775
vn -0.7307 0.1314 -0.6699
vn -0.7551 -0.3565 0.5502
vn 0.3355 -0.3443 0.8769
vn -0.1750 -0.0580 0.9829
vn -0.6603 -0.1027 0.7439
vn -0.9483 -0.3006 -0.1020
vn -0.9664 0.2449 -0.0774
vn -0.7653 0.3434 -0.5444
vn -0.5768 0.1427 -0.8043
vn 0.6655 -0.7450 0.0460
vn 0.8491 0.2219 0.4793
vn -0.5293 -0.6019 0.5979
vn -0.3449 -0.8872 -0.3064
vn 0.5345 -0.1259 -0.8357
vn 0.4486 0.2831 -0.8477
vn -0.7639 -0.0190 0.6451
vn -0.4892 0.2235 -0.8430
vn -0.6755 0.2348 -0.6990
vn -0.6218 -0.2805 -0.7312
vn 0.3121 0.0326 0.9495
vn -0.7383 0.0873 0.6688
vn -0.5142 -0.2740 0.8127
vn -0.9700 -0.0218 -0.2420
vn -0.7907 0.0305 -0.6115
vn -0.8489 -0.4789 -0.2237
vn 0.4383 -0.7613 0.4778
vn 0.9961 0.0873 -0.0081
vn -0.4746 -0.8691 -0.1392
vn 0.3710 -0.6522 -0.6610
vn -0.5083 -0.6120 0.6059
vn 0.5247 0.1684 -0.8345
vn -0.9588 -0.2679 0.0943
vn -0.4556 -0.0323 -0.8896
vn -0.4669 0.1449 -0.8724
vn -0.1547 -0.6493 0.7446
vn 0.6100 0.0315 0.7918
vn -0.0615 0.2514 0.9659
vn 0.8472 -0.5268 0.0689
vn 0.5446 0.0835 -0.8345
vn 0.9453 0.3186 -0.0702
vn 0.2527 -0.1289 -0.9589
vn -0.7150 -0.6521 -0.2520
vn -0.6979 0.2293 -0.6785
vn -0.8123 0.1608 0.5606
vn 0.3815 -0.7103 0.5915
vn 0.7113 -0.5021 0.4918
vn 0.9324 0.0946 0.3487
vn 0.2794 0.0143 -0.9601
vn 0.3115 0.5642 -0.7646
vn 0.8046 -0.5572 -0.2053
vn 0.9006 -0.3627 -0.2395
vn 0.9028 0.0246 0.4293
vn -0.0495 -0.4295 0.9017
vn 0.4383 0.1446 0.8871
vn 0.1461 -0.9126 -0.3820
vn -0.7609 -0.2379 0.6037
vn -0.6808 0.1590 0.7151
vn 0.5954 -0.2646 -0.7586
vn 0.2038 -0.2179 -0.9545
vn 0.1906 -0.0762 -0.9787
vn 0.4904 -0.1044 -0.8652
vn -0.9395 -0.3261 0.1045
vn -0.2818 0.1386 0.9494
vn 0.2670 0.0810 0.9603
vn 0.7058 0.2697 0.6551
vn -0.9648 -0.1070 -0.2401
vn -0.9588 0.2553 -0.1244
vn 0.6755 -0.3553 -0.6461
vn 0.5729 -0.1669 -0.8024
vn 0.4866 -0.2240 -0.8444
vn 0.6165 -0.2152 -0.7574
vn 0.0865 -0.9529 0.2908
vn -0.3606 -0.7614 -0.5387
vn -0.4277 -0.0455 -0.9028
vn -0.6734 -0.7390 -0.0182
vn -0.2475 0.9308 -0.2689
vn 0.3146 -0.2059 0.9266
vn 0.9338 -0.3544 0.0485
vn 0.9634 0.0567 0.2621
vn -0.2689 0.1923 0.9438
vn 0.7807 -0.1666 -0.6023
vn 0.2031 -0.0224 -0.9789
vn 0.7435 -0.1673 -0.6475
vn -0.6883 -0.3684 0.6250
vn 0.3539 -0.9170 -0.1842
vn -0.6837 -0.7068 -0.1817
vn 0.5547 -0.8205 0.1383
vn -0.9473 0.0565 -0.3153
vn 0.9204 -0.3448 -0.1842
vn 0.9634 -0.1158 -0.2417
vn 0.4993 -0.5161 -0.6960
vn 0.2903 0.0476 -0.9558
vn 0.1752 -0.6149 0.7689
vn 0.6314 -0.1726 0.7560
vn 0.6616 0.0369 0.7489
vn -0.4513 0.0380 0.8916
vn 0.7711 -0.6365 -0.0187
vn 0.6886 0.1452 -0.7105
vn 0.8065 0.1716 -0.5657
vn 0.9978 0.0285 -0.0594
vn -0.6534 -0.7543 0.0639
vn -0.7635 0.2060 -0.6121
vn 0.2841 0.1243 -0.9507
vn 0.6239 -0.4976 0.6026
vn 0.2712 -0.1081 -0.9564
vn 0.4171 0.2126 -0.8837
vn 0.4740 -0.4568 0.7528
vn 0.5373 0.1681 0.8265
vn -0.4639 0.1539 0.8724
vn 0.6965 -0.7125 -0.0851
vn 0.3653 0.1431 -0.9198
vn 0.8261 0.2134 -0.5216
vn 0.9982 0.0421 -0.0432
vn -0.7257 -0.6876 -0.0223
vn -0.9363 0.1509 0.3171
vn -0.2905 -0.4558 -0.8413
vn -0.4026 0.1352 -0.9054
vn 0.8263 -0.2567 0.5014
vn 0.5556 -0.1668 -0.8145
vn 0.6047 0.1688 -0.7783
vn 0.7295 0.1305 -0.6715
vn 0.7547 -0.3572 0.5503
vn -0.3350 -0.3489 0.8752
vn 0.6602 -0.1036 0.7439
vn -0.2343 0.0982 0.9672
vn 0.9490 -0.2995 -0.0985
vn 0.5761 0.1421 -0.8050
vn 0.7655 0.3425 -0.5447
vn 0.9667 0.2437 -0.0779
vn -0.6657 -0.7449 0.0452
vn -0.8490 0.2235 0.4789
vn 0.5292 -0.6033 0.5967
vn 0.5470 -0.1963 -0.8138
vn -0.5438 -0.1098 -0.8320
vn -0.4484 0.2838 -0.8476
vn 0.7637 -0.0199 0.6452
vn 0.4887 0.2230 -0.8435
vn 0.6745 0.2339 -0.7002
vn 0.6209 -0.2811 -0.7317
vn -0.3327 0.0363 0.9423
vn 0.5141 -0.2748 0.8125
vn 0.7387 0.0864 0.6684
vn 0.9732 -0.0360 -0.2269
vn 0.9422 -0.3337 -0.0291
vn 0.7902 0.0291 -0.6122
vn -0.4388 -0.7608 0.4782
vn -0.9960 0.0888 -0.0069
vn 0.4727 -0.8698 -0.1412
vn -0.3726 -0.6513 -0.6610
vn 0.5079 -0.6128 0.6054
vn -0.5257 0.1692 -0.8336
vn 0.9585 -0.2694 0.0935
vn 0.4540 -0.0322 -0.8904
vn 0.4655 0.1444 -0.8732
vn 0.9440 -0.2627 -0.1995
vn 0.9246 -0.3795 0.0335
vn 0.9163 -0.0518 -0.3971
vn 0.1382 0.1641 -0.9767
vn 0.1231 -0.0847 -0.9888
vn -0.6609 0.6511 -0.3732
vn -0.9964 0.0844 0.0105
vn -0.1028 0.0443 0.9937
vn -0.2400 0.5901 0.7708
vn 0.8737 0.4641 -0.1455
vn 0.4664 0.7426 -0.4807
vn 0.6959 -0.5271 0.4877
vn 0.7476 0.2527 -0.6142
vn 0.8938 -0.0766 -0.4419
vn 0.1920 -0.3161 0.9291
vn 0.0307 -0.1588 0.9868
vn 0.3702 0.6425 0.6709
vn -0.2457 0.0874 0.9654
vn -0.8832 -0.4182 0.2125
vn -0.2329 -0.2332 0.9441
vn -0.9789 -0.0631 -0.1946
vn -0.5882 0.7298 -0.3485
vn -0.9127 -0.0404 -0.4067
vn -0.9396 0.2260 -0.2572
vn -0.1729 0.1507 -0.9733
vn 0.4948 0.8378 -0.2307
vn -0.1315 -0.0370 -0.9906
vn 0.9855 0.1204 -0.1198
vn 0.2951 0.6376 0.7116
vn 0.3935 0.0152 0.9192
vn -0.8638 0.5025 0.0368
vn -0.7046 -0.5649 0.4295
vn -0.7435 0.2473 -0.6213
vn -0.8632 -0.0545 -0.5019
vn -0.3801 0.6029 0.7014
vn -0.4947 -0.3029 0.8145
vn -0.9735 0.1665 0.1567
vn -0.9339 -0.2471 0.2583
vn -0.0728 -0.4553 0.8874
vn -0.8386 0.5406 0.0665
vn -0.4652 0.2866 -0.8376
vn -0.6467 0.0832 -0.7582
vn -0.9696 -0.1543 -0.1900
vn -0.2274 0.9366 0.2664
vn 0.5164 0.4330 0.7388
vn 0.2570 0.8964 -0.3611
vn 0.9965 -0.0829 -0.0063
vn 0.5563 0.0918 -0.8259
vn -0.6886 -0.0206 0.7248
vn -0.3512 0.3967 -0.8481
vn -0.3455 0.8873 -0.3055
vn -0.8434 -0.3387 0.4171
vn -0.9562 0.1522 0.2500
vn -0.6724 0.2468 -0.6978
vn -0.0186 0.5509 -0.8344
vn 0.5415 0.5907 -0.5982
vn 0.6779 0.0765 -0.7312
vn 0.9210 -0.2746 0.2764
vn 0.4643 -0.4334 0.7724
vn 0.9523 -0.2947 0.0797
vn 0.0755 0.7841 -0.6161
vn -0.8405 0.5297 0.1141
vn 0.8737 0.3239 0.3630
vn -0.9390 -0.1358 0.3160
vn 0.7198 0.1697 0.6731
vn -0.6206 0.7654 0.1704
vn -0.6713 0.6448 -0.3655
vn -0.9272 0.2543 -0.2751
vn -0.1295 -0.5301 0.8380
vn 0.4396 0.6471 0.6230
vn 0.7844 -0.4208 0.4556
vn -0.3930 0.7477 -0.5353
vn -0.5205 0.5342 -0.6662
vn -0.3633 0.4588 -0.8109
vn 0.9674 0.2475 0.0538
vn 0.9474 -0.2073 -0.2438
vn 0.1759 0.6226 -0.7625
vn -0.0326 0.4944 -0.8686
vn -0.2783 -0.1784 0.9438
vn -0.9296 0.3308 0.1625
vn -0.9840 0.1627 0.0726
vn 0.8447 -0.0291 -0.5344
vn 0.8832 -0.4558 0.1102
vn 0.5288 -0.1598 -0.8336
vn -0.2048 0.3994 0.8936
vn 0.7643 0.5451 0.3445
vn -0.0266 0.9874 0.1563
vn -0.8451 0.5341 0.0243
vn -0.5576 0.6203 -0.5517
vn -0.3598 0.6886 -0.6295
vn -0.4911 0.3184 -0.8108
vn -0.3720 -0.1747 0.9117
vn 0.4819 -0.0797 -0.8726
vn -0.3713 0.9222 -0.1085
vn -0.4870 0.4582 0.7436
vn -0.2794 -0.5346 0.7976
vn 0.4204 -0.5615 0.7127
vn -0.7477 0.6641 0.0060
vn -0.4775 0.3523 -0.8049
vn -0.7303 0.0820 -0.6782
vn -0.9991 0.0164 -0.0402
vn 0.2485 -0.1129 -0.9620
vn 0.7887 0.5708 -0.2285
vn 0.6443 -0.6992 -0.3099
vn 0.0246 -0.1377 -0.9902
vn 0.6315 0.3328 0.7003
vn 0.0005 0.8201 -0.5722
vn -0.5697 0.5752 0.5870
vn -0.4972 0.1701 -0.8508
vn -0.5930 0.5605 0.5781
vn -0.3932 0.3830 0.8359
vn -0.7060 -0.0730 0.7045
vn 0.2404 -0.4156 0.8772
vn 0.0551 0.1887 -0.9805
vn 0.7549 0.5702 -0.3242
vn 0.1543 -0.0370 -0.9873
vn 0.0018 0.9691 0.2465
vn 0.7836 -0.0015 0.6213
vn 0.9058 -0.4179 0.0702
vn -0.8652 0.3578 0.3513
vn -0.9963 0.0773 0.0384
vn -0.8664 -0.0929 0.4906
vn -0.6029 0.7372 0.3051
vn -0.8637 0.1698 -0.4745
vn -0.6809 0.1344 -0.7199
vn -0.7788 -0.0578 -0.6246
vn -0.5682 0.7794 -0.2638
vn -0.2004 -0.2370 0.9506
vn -0.8564 -0.2650 0.4432
vn 0.0806 -0.3982 0.9137
vn -0.2877 0.7953 0.5337
vn -0.7131 0.1443 -0.6861
vn -0.9565 0.1642 -0.2410
vn 0.3242 0.0935 -0.9414
vn 0.7223 0.6776 -0.1382
vn 0.5636 0.1061 -0.8192
vn 0.5737 0.4401 0.6908
vn 0.9531 -0.2806 0.1134
vn -0.0591 0.8813 0.4689
vn -0.2773 0.3967 0.8751
vn -0.8596 0.3862 0.3346
vn -0.8442 0.1695 0.5085
vn -0.4306 0.3361 -0.8376
vn -0.1998 0.2667 -0.9429
vn 0.5257 -0.2715 0.8062
vn 0.0721 -0.4555 0.8873
vn 0.9336 -0.2491 0.2577
vn 0.9739 0.1650 0.1556
vn 0.8118 0.5822 0.0454
vn 0.9689 -0.1567 -0.1914
vn 0.6457 0.0821 -0.7591
vn 0.4646 0.2856 -0.8382
vn 0.1900 0.9293 0.3166
vn -0.6106 0.4544 -0.6486
vn -0.5259 0.4046 0.7482
vn -0.5545 0.0949 -0.8267
vn -0.9903 -0.1340 0.0377
vn 0.6891 -0.0219 0.7244
vn 0.3493 0.3947 -0.8498
vn 0.3455 0.8872 -0.3059
vn 0.0501 0.5666 -0.8224
vn -0.6102 0.1748 -0.7727
vn -0.1525 0.7550 -0.6377
vn -0.9554 -0.2092 0.2084
vn -0.7942 -0.3781 0.4756
vn -0.4897 -0.0248 0.8715
vn 0.3134 0.9318 -0.1833
vn 0.9287 0.3611 0.0846
vn 0.6818 0.5688 -0.4599
vn -0.2164 -0.4853 0.8472
vn 0.8999 -0.2231 0.3748
vn 0.7380 -0.0747 -0.6707
vn 0.9003 0.4343 0.0299
vn -0.8850 0.3574 -0.2985
vn 0.8833 0.0256 0.4681
vn 0.7580 -0.1511 0.6345
vn 0.3928 0.7414 -0.5441
vn -0.9434 -0.2403 -0.2286
vn -0.9528 -0.1874 -0.2387
vn -0.5051 -0.5835 0.6359
vn -0.1161 0.7149 0.6895
vn 0.9102 0.3038 0.2815
vn 0.4238 0.5669 -0.7064
vn 0.4708 0.6815 -0.5602
vn -0.9227 0.3854 -0.0095
vn -0.1780 0.6213 -0.7631
vn -0.1014 0.4463 -0.8891
vn 0.3563 -0.2256 0.9068
vn 0.9914 0.0828 -0.1014
vn 0.9352 0.3471 0.0704
vn -0.8592 -0.0247 -0.5111
vn -0.6084 -0.1775 -0.7735
vn -0.8696 -0.4411 0.2218
vn 0.1779 0.1552 0.9717
vn 0.0235 0.9886 0.1489
vn -0.7648 0.5457 0.3425
vn 0.8457 0.5325 0.0364
vn 0.5314 0.6065 -0.5915
vn 0.4538 0.3078 -0.8363
vn 0.4131 0.6701 -0.6167
vn 0.3802 -0.1732 0.9086
vn -0.4219 -0.0350 -0.9060
vn 0.3720 0.9221 -0.1064
vn 0.4312 0.3983 0.8096
vn -0.1534 -0.5273 0.8357
vn 0.3258 -0.4903 0.8084
vn 0.7617 0.6445 -0.0661
vn 0.9992 0.0134 -0.0390
vn 0.7290 0.0791 -0.6799
vn 0.4769 0.3568 -0.8033
vn -0.2483 -0.0709 -0.9661
vn 0.0650 -0.0888 -0.9939
vn -0.5477 -0.7377 -0.3949
vn -0.7793 0.6096 -0.1452
vn -0.7616 -0.3114 0.5683
vn 0.5937 0.5933 0.5437
vn 0.0025 0.8273 -0.5617
vn 0.4982 0.1781 -0.8486
vn 0.5930 0.5597 0.5789
vn 0.3908 0.3747 0.8408
vn -0.0482 -0.3265 0.9440
vn 0.7075 -0.0720 0.7030
vn -0.0657 0.2181 -0.9737
vn -0.2162 -0.1294 -0.9677
vn -0.8109 0.4792 -0.3358
vn 0.0347 0.9725 0.2303
vn -0.8819 -0.4506 0.1388
vn -0.7967 -0.0301 0.6037
vn 0.8668 0.3534 0.3518
vn 0.8538 -0.1168 0.5073
vn 0.9962 0.0691 0.0523
vn 0.6317 0.7140 0.3019
vn 0.8644 0.1677 -0.4740
vn 0.6992 0.1450 -0.7001
vn 0.8117 -0.0557 -0.5814
vn 0.5670 0.7796 -0.2660
vn 0.2100 -0.2855 0.9351
vn -0.3130 -0.4357 0.8439
vn 0.7304 -0.4221 0.5369
vn 0.2878 0.8075 0.5149
vn 0.9361 0.2451 -0.2522
vn 0.6391 0.1753 -0.7489
vn -0.3087 0.0459 -0.9500
vn -0.6261 0.0999 -0.7733
vn -0.7086 0.6912 -0.1423
vn -0.5296 0.4367 0.7272
vn -0.9686 -0.2431 0.0525
vn 0.0792 0.8915 0.4460
vn 0.2765 0.3972 0.8751
vn 0.8058 0.4406 0.3957
vn 0.8450 0.1687 0.5075
vn 0.4418 0.2653 -0.8570
vn 0.0373 0.2825 -0.9585
vt 0.502964 0.641382
vt 0.499700 0.691700
vt 0.515356 0.696238
vt 0.493469 0.643219
vt 0.484012 0.696129
vt 0.400104 0.752977
vt 0.311350 0.717439
vt 0.310693 0.754668
vt 0.600708 0.752973
vt 0.689947 0.753813
vt 0.689837 0.717027
vt 0.520285 0.659710
vt 0.517121 0.464612
vt 0.502574 0.465479
vt 0.511171 0.478428
vt 0.518509 0.360325
vt 0.488746 0.361411
vt 0.503699 0.393118
vt 0.506917 0.394094
vt 0.532911 0.477817
vt 0.535582 0.455068
vt 0.529153 0.463186
vt 0.511825 0.601995
vt 0.510906 0.568527
vt 0.505784 0.596692
vt 0.574342 0.660595
vt 0.587754 0.660125
vt 0.578352 0.651869
vt 0.533901 0.398814
vt 0.549745 0.421088
vt 0.569996 0.401868
vt 0.566738 0.431381
vt 0.581067 0.436323
vt 0.597042 0.417353
vt 0.518119 0.641379
vt 0.569428 0.453523
vt 0.580904 0.469426
vt 0.625072 0.432404
vt 0.598702 0.458832
vt 0.604712 0.295209
vt 0.608572 0.323121
vt 0.619742 0.317247
vt 0.584002 0.277648
vt 0.499093 0.615371
vt 0.505256 0.615979
vt 0.594811 0.387070
vt 0.585596 0.391129
vt 0.597895 0.389159
vt 0.888596 0.530814
vt 0.881957 0.513063
vt 0.877964 0.545426
vt 0.644077 0.383096
vt 0.624289 0.363554
vt 0.629839 0.395061
vt 0.630856 0.338452
vt 0.675660 0.435971
vt 0.633113 0.408400
vt 0.646415 0.455586
vt 0.622340 0.453000
vt 0.835693 0.508816
vt 0.823892 0.499168
vt 0.816696 0.505669
vt 0.843158 0.528822
vt 0.619503 0.288051
vt 0.605016 0.248949
vt 0.652513 0.332982
vt 0.820674 0.486550
vt 0.791837 0.485121
vt 0.849826 0.509226
vt 0.882039 0.441122
vt 0.870176 0.463830
vt 0.883657 0.470610
vt 0.667222 0.372685
vt 0.683729 0.353505
vt 0.681349 0.347593
vt 0.865951 0.521659
vt 0.841662 0.499616
vt 0.869782 0.506188
vt 0.848087 0.489341
vt 0.670042 0.481982
vt 0.642233 0.479199
vt 0.658999 0.375477
vt 0.668953 0.396540
vt 0.693746 0.361014
vt 0.708653 0.357971
vt 0.892942 0.495695
vt 0.911902 0.477879
vt 0.875884 0.475899
vt 0.861148 0.483292
vt 0.863482 0.442148
vt 0.853754 0.468048
vt 0.698987 0.371914
vt 0.704921 0.361633
vt 0.682197 0.388353
vt 0.708450 0.375970
vt 0.707530 0.365996
vt 0.685971 0.478646
vt 0.680114 0.488750
vt 0.695907 0.470174
vt 0.851118 0.479981
vt 0.852782 0.486463
vt 0.843037 0.476174
vt 0.836929 0.478048
vt 0.847693 0.476838
vt 0.834900 0.372118
vt 0.818568 0.352567
vt 0.821986 0.363881
vt 0.822026 0.372231
vt 0.664815 0.587567
vt 0.697465 0.597407
vt 0.700148 0.575190
vt 0.669282 0.605953
vt 0.698746 0.613029
vt 0.722674 0.604637
vt 0.847786 0.473152
vt 0.847956 0.473430
vt 0.848130 0.472938
vt 0.846390 0.310970
vt 0.855311 0.350710
vt 0.865184 0.340819
vt 0.884106 0.323773
vt 0.875434 0.335344
vt 0.884162 0.302530
vt 0.763314 0.418490
vt 0.760125 0.412914
vt 0.750991 0.413302
vt 0.738743 0.420942
vt 0.761389 0.422184
vt 0.752713 0.279050
vt 0.760658 0.279329
vt 0.764718 0.258059
vt 0.757388 0.450903
vt 0.744814 0.446584
vt 0.748376 0.449622
vt 0.756334 0.443421
vt 0.792861 0.290002
vt 0.792524 0.293496
vt 0.797887 0.295318
vt 0.920639 0.295441
vt 0.913383 0.315734
vt 0.941336 0.337776
vt 0.944868 0.310558
vt 0.814828 0.278245
vt 0.804876 0.328300
vt 0.862377 0.252997
vt 0.832047 0.270170
vt 0.765669 0.280469
vt 0.774748 0.248934
vt 0.893500 0.280369
vt 0.904920 0.297051
vt 0.797179 0.262189
vt 0.785583 0.287902
vt 0.917592 0.266179
vt 0.889356 0.224830
vt 0.877675 0.241313
vt 0.948239 0.290569
vt 0.938256 0.278548
vt 0.782025 0.258139
vt 0.791218 0.225577
vt 0.838235 0.252731
vt 0.816127 0.267254
vt 0.851797 0.208380
vt 0.804002 0.239580
vt 0.800440 0.231990
vt 0.798538 0.247706
vt 0.807934 0.234810
vt 0.809026 0.234980
vt 0.835218 0.239420
vt 0.833194 0.228449
vt 0.829692 0.237856
vt 0.832046 0.238558
vt 0.944961 0.258881
vt 0.973264 0.233134
vt 0.948851 0.228803
vt 0.826641 0.233186
vt 0.819069 0.228672
vt 0.815156 0.238420
vt 0.820339 0.248131
vt 0.809870 0.234656
vt 0.813454 0.231504
vt 0.809486 0.234060
vt 0.808887 0.234067
vt 0.825991 0.219688
vt 0.820276 0.222869
vt 0.834021 0.215809
vt 0.829719 0.214401
vt 0.809065 0.230783
vt 0.802713 0.219884
vt 0.783785 0.216187
vt 0.823249 0.212848
vt 0.883383 0.187147
vt 0.840348 0.173070
vt 0.842858 0.193841
vt 0.882033 0.151676
vt 0.715515 0.131126
vt 0.766375 0.117959
vt 0.711185 0.090219
vt 0.847548 0.144743
vt 0.839116 0.119377
vt 0.821149 0.138470
vt 0.820061 0.175595
vt 0.828865 0.201555
vt 0.813202 0.192799
vt 0.778621 0.188424
vt 0.789606 0.162126
vt 0.807041 0.150531
vt 0.824451 0.105856
vt 0.863519 0.130128
vt 0.908311 0.142508
vt 0.875059 0.112638
vt 0.904182 0.168528
vt 0.883968 0.206251
vt 0.896514 0.196126
vt 0.924182 0.217197
vt 0.951694 0.280927
vt 0.957070 0.273541
vt 0.978176 0.234351
vt 0.960226 0.195375
vt 0.937282 0.163788
vt 0.925469 0.141917
vt 0.907845 0.115702
vt 0.867085 0.074734
vt 0.851300 0.092921
vt 0.830517 0.078990
vt 0.827893 0.047416
vt 0.757862 0.041029
vt 0.741621 0.017811
vt 0.703526 0.037249
vt 0.693315 0.016676
vt 0.616003 0.043661
vt 0.652826 0.050579
vt 0.624425 0.079622
vt 0.576158 0.074998
vt 0.528646 0.123131
vt 0.510807 0.158999
vt 0.547060 0.154469
vt 0.502876 0.289360
vt 0.524378 0.276540
vt 0.512804 0.223436
vt 0.519185 0.319742
vt 0.502897 0.325969
vt 0.516675 0.344259
vt 0.531656 0.326059
vt 0.546922 0.329537
vt 0.544511 0.321464
vt 0.545312 0.338739
vt 0.579042 0.328923
vt 0.590924 0.324239
vt 0.897788 0.407996
vt 0.880531 0.388899
vt 0.907098 0.429408
vt 0.912513 0.451491
vt 0.601236 0.349706
vt 0.605026 0.362987
vt 0.606385 0.369675
vt 0.602933 0.390607
vt 0.852411 0.534694
vt 0.841530 0.554149
vt 0.840229 0.537546
vt 0.775588 0.493181
vt 0.795281 0.454654
vt 0.774593 0.447757
vt 0.813541 0.469042
vt 0.826689 0.460825
vt 0.846054 0.464421
vt 0.844202 0.449675
vt 0.841811 0.472043
vt 0.848305 0.470654
vt 0.850038 0.471953
vt 0.849311 0.474115
vt 0.851039 0.474824
vt 0.845976 0.473933
vt 0.847194 0.472489
vt 0.834047 0.489306
vt 0.858218 0.471027
vt 0.830186 0.434396
vt 0.808416 0.422551
vt 0.804860 0.396142
vt 0.780031 0.420646
vt 0.532706 0.344685
vt 0.539391 0.347023
vt 0.503506 0.355695
vt 0.529187 0.372405
vt 0.539827 0.365123
vt 0.550559 0.377638
vt 0.572725 0.396167
vt 0.612486 0.408270
vt 0.615217 0.418459
vt 0.679887 0.415090
vt 0.699885 0.429782
vt 0.702701 0.438137
vt 0.740472 0.434364
vt 0.695616 0.447528
vt 0.756896 0.439739
vt 0.759460 0.435967
vt 0.779230 0.281690
vt 0.760126 0.432024
vt 0.735420 0.415434
vt 0.735279 0.403456
vt 0.735454 0.454643
vt 0.669201 0.450425
vt 0.619744 0.468884
vt 0.606813 0.474231
vt 0.643081 0.499908
vt 0.591574 0.499792
vt 0.617249 0.507740
vt 0.589476 0.524798
vt 0.610029 0.534027
vt 0.652029 0.527562
vt 0.626443 0.550768
vt 0.648892 0.540645
vt 0.601619 0.535149
vt 0.630212 0.557750
vt 0.654083 0.563830
vt 0.627342 0.562198
vt 0.615765 0.555905
vt 0.601678 0.553695
vt 0.566508 0.512873
vt 0.573596 0.495305
vt 0.544272 0.499931
vt 0.525330 0.502365
vt 0.538145 0.516934
vt 0.586008 0.537430
vt 0.582991 0.542418
vt 0.607859 0.591067
vt 0.597849 0.600517
vt 0.632867 0.589968
vt 0.621718 0.576355
vt 0.615608 0.611830
vt 0.634509 0.627286
vt 0.614363 0.642651
vt 0.587640 0.619546
vt 0.595778 0.638815
vt 0.562856 0.531683
vt 0.545514 0.524469
vt 0.523113 0.510752
vt 0.503460 0.503976
vt 0.502657 0.510542
vt 0.509450 0.498039
vt 0.494814 0.478846
vt 0.503850 0.517394
vt 0.517508 0.516640
vt 0.576320 0.679215
vt 0.573153 0.666295
vt 0.591943 0.674542
vt 0.636112 0.646685
vt 0.679352 0.620056
vt 0.583083 0.634310
vt 0.532317 0.520962
vt 0.523721 0.517660
vt 0.629176 0.566782
vt 0.689289 0.560509
vt 0.674009 0.558281
vt 0.680019 0.542067
vt 0.674449 0.529613
vt 0.657813 0.507924
vt 0.850730 0.363926
vt 0.847508 0.377502
vt 0.622515 0.564168
vt 0.608863 0.559787
vt 0.696952 0.476672
vt 0.707851 0.471985
vt 0.714459 0.385738
vt 0.705351 0.405949
vt 0.568906 0.392184
vt 0.562392 0.386645
vt 0.806734 0.534912
vt 0.615202 0.343585
vt 0.575230 0.312239
vt 0.560777 0.286593
vt 0.632512 0.238422
vt 0.644032 0.306109
vt 0.670691 0.503231
vt 0.681483 0.495933
vt 0.724734 0.337608
vt 0.714577 0.353843
vt 0.719836 0.347685
vt 0.717776 0.303954
vt 0.731381 0.313674
vt 0.810534 0.340657
vt 0.801991 0.315974
vt 0.801327 0.302244
vt 0.757288 0.288892
vt 0.740254 0.301996
vt 0.735889 0.252469
vt 0.833621 0.211619
vt 0.842183 0.210658
vt 0.844476 0.230483
vt 0.737273 0.201053
vt 0.738225 0.175802
vt 0.786594 0.135763
vt 0.740471 0.149869
vt 0.777010 0.095021
vt 0.778840 0.073659
vt 0.705116 0.181456
vt 0.713006 0.213172
vt 0.687774 0.288658
vt 0.672873 0.232527
vt 0.677983 0.179783
vt 0.653678 0.211402
vt 0.727639 0.055422
vt 0.695476 0.084175
vt 0.685030 0.108115
vt 0.679705 0.125745
vt 0.660789 0.113363
vt 0.665960 0.147165
vt 0.629514 0.180761
vt 0.616466 0.211543
vt 0.658353 0.088903
vt 0.610240 0.111191
vt 0.623039 0.143053
vt 0.581414 0.146294
vt 0.587002 0.175053
vt 0.598320 0.191140
vt 0.583666 0.208677
vt 0.576153 0.234173
vt 0.555240 0.188114
vt 0.498900 0.171580
vt 0.549024 0.242184
vt 0.536602 0.305019
vt 0.576250 0.319930
vt 0.590931 0.335806
vt 0.912538 0.177623
vt 0.928020 0.194458
vt 0.950122 0.216353
vt 0.943441 0.174290
vt 0.900453 0.343298
vt 0.914564 0.353441
vt 0.930043 0.363889
vt 0.935529 0.355189
vt 0.907579 0.350522
vt 0.710760 0.588614
vt 0.704844 0.584060
vt 0.517357 0.629086
vt 0.522375 0.626910
vt 0.512119 0.622236
vt 0.532567 0.636040
vt 0.532826 0.617530
vt 0.547499 0.673788
vt 0.556063 0.655240
vt 0.555884 0.632123
vt 0.532714 0.418214
vt 0.533593 0.436575
vt 0.522048 0.412627
vt 0.510343 0.397919
vt 0.500192 0.549718
vt 0.508799 0.551492
vt 0.500098 0.576794
vt 0.522345 0.604352
vt 0.530082 0.589884
vt 0.550659 0.599928
vt 0.527467 0.567706
vt 0.514244 0.630361
vt 0.500260 0.630762
vt 0.763300 0.286161
vt 0.479337 0.659568
vt 0.488269 0.465534
vt 0.500525 0.394623
vt 0.473165 0.479074
vt 0.476552 0.464620
vt 0.470106 0.456495
vt 0.434311 0.667589
vt 0.430079 0.658656
vt 0.420496 0.667267
vt 0.472313 0.399943
vt 0.435530 0.402975
vt 0.455942 0.422433
vt 0.438797 0.432857
vt 0.408104 0.418721
vt 0.424339 0.437898
vt 0.481578 0.641244
vt 0.498305 0.625139
vt 0.436199 0.455231
vt 0.424774 0.471409
vt 0.379672 0.434087
vt 0.406619 0.460824
vt 0.400445 0.295022
vt 0.385171 0.317234
vt 0.396443 0.323208
vt 0.425955 0.260711
vt 0.410329 0.387995
vt 0.407204 0.390116
vt 0.419677 0.392102
vt 0.124123 0.537421
vt 0.136560 0.550532
vt 0.128404 0.518958
vt 0.360317 0.383956
vt 0.374772 0.396127
vt 0.380439 0.364146
vt 0.373841 0.338669
vt 0.371447 0.409685
vt 0.328082 0.437824
vt 0.358010 0.457794
vt 0.382538 0.455051
vt 0.173728 0.508750
vt 0.192159 0.503169
vt 0.184179 0.497652
vt 0.168920 0.529554
vt 0.385539 0.287711
vt 0.400392 0.248319
vt 0.351893 0.333048
vt 0.185736 0.484720
vt 0.230786 0.485236
vt 0.159767 0.510987
vt 0.118992 0.447642
vt 0.121211 0.477087
vt 0.133699 0.468616
vt 0.322542 0.347727
vt 0.320093 0.353719
vt 0.336802 0.373314
vt 0.145392 0.525407
vt 0.166613 0.500401
vt 0.158914 0.491044
vt 0.139591 0.510563
vt 0.333940 0.484888
vt 0.362396 0.481909
vt 0.334974 0.397597
vt 0.345157 0.376180
vt 0.309858 0.361296
vt 0.294707 0.358088
vt 0.094154 0.487959
vt 0.115258 0.503164
vt 0.129606 0.481320
vt 0.145178 0.486745
vt 0.137525 0.446247
vt 0.150532 0.470670
vt 0.304444 0.372369
vt 0.298477 0.361846
vt 0.321493 0.389220
vt 0.295745 0.366273
vt 0.294750 0.376463
vt 0.317603 0.481506
vt 0.323632 0.491866
vt 0.307400 0.472827
vt 0.153880 0.488801
vt 0.154695 0.482159
vt 0.162213 0.477336
vt 0.168511 0.478404
vt 0.157683 0.478597
vt 0.166450 0.370784
vt 0.179617 0.362599
vt 0.183210 0.351188
vt 0.179478 0.371050
vt 0.340302 0.593490
vt 0.303783 0.581164
vt 0.306812 0.604006
vt 0.335928 0.612472
vt 0.280942 0.611746
vt 0.305658 0.620099
vt 0.157112 0.474954
vt 0.156743 0.474788
vt 0.156980 0.475252
vt 0.155540 0.308778
vt 0.136168 0.338747
vt 0.146044 0.348875
vt 0.117212 0.321270
vt 0.125876 0.333086
vt 0.117399 0.299771
vt 0.238469 0.419813
vt 0.263624 0.422375
vt 0.251094 0.414529
vt 0.241746 0.414112
vt 0.240432 0.423597
vt 0.250749 0.277528
vt 0.238827 0.256144
vt 0.242697 0.277726
vt 0.244468 0.453004
vt 0.253695 0.451711
vt 0.257336 0.448610
vt 0.245561 0.445347
vt 0.209968 0.288163
vt 0.204817 0.293486
vt 0.210267 0.291704
vt 0.080581 0.292168
vt 0.055879 0.307130
vt 0.059138 0.334784
vt 0.087684 0.312778
vt 0.197355 0.326787
vt 0.187870 0.276012
vt 0.170537 0.267634
vt 0.140039 0.249905
vt 0.237601 0.278823
vt 0.228768 0.246790
vt 0.108220 0.277235
vt 0.096471 0.293982
vt 0.205916 0.259958
vt 0.217357 0.286121
vt 0.084011 0.262593
vt 0.124699 0.237898
vt 0.113072 0.221083
vt 0.062954 0.274866
vt 0.052708 0.286917
vt 0.212369 0.222968
vt 0.221302 0.256027
vt 0.164471 0.249910
vt 0.186679 0.264869
vt 0.151266 0.204882
vt 0.199266 0.237000
vt 0.204693 0.245282
vt 0.202959 0.229358
vt 0.195344 0.232127
vt 0.194237 0.232285
vt 0.167682 0.236483
vt 0.173292 0.234958
vt 0.169855 0.225400
vt 0.170902 0.235642
vt 0.056400 0.254885
vt 0.052826 0.224393
vt 0.028066 0.228492
vt 0.176433 0.230273
vt 0.187995 0.235697
vt 0.184147 0.225789
vt 0.182636 0.245464
vt 0.193387 0.231949
vt 0.189794 0.228717
vt 0.194388 0.231364
vt 0.193783 0.231351
vt 0.177246 0.216617
vt 0.182992 0.219899
vt 0.173537 0.211223
vt 0.169165 0.212601
vt 0.194244 0.228042
vt 0.200800 0.217078
vt 0.220013 0.213545
vt 0.180098 0.209730
vt 0.119546 0.183019
vt 0.160503 0.190288
vt 0.163258 0.169281
vt 0.121328 0.147160
vt 0.289967 0.128305
vt 0.294830 0.087038
vt 0.238709 0.114415
vt 0.156314 0.140554
vt 0.165141 0.114985
vt 0.183759 0.172088
vt 0.183090 0.134508
vt 0.174550 0.198250
vt 0.190542 0.189506
vt 0.225508 0.185565
vt 0.214719 0.158807
vt 0.197214 0.146877
vt 0.180140 0.101493
vt 0.140335 0.125573
vt 0.128877 0.107745
vt 0.094864 0.137571
vt 0.098745 0.163937
vt 0.118740 0.202334
vt 0.106161 0.191948
vt 0.077917 0.212937
vt 0.049326 0.277114
vt 0.043968 0.269564
vt 0.023082 0.229692
vt 0.041684 0.190483
vt 0.065296 0.158759
vt 0.077485 0.136813
vt 0.095709 0.110395
vt 0.137324 0.069565
vt 0.153144 0.088095
vt 0.174328 0.074253
vt 0.177390 0.042339
vt 0.248255 0.036752
vt 0.264851 0.013500
vt 0.303204 0.033609
vt 0.313893 0.012966
vt 0.354241 0.047707
vt 0.391519 0.041194
vt 0.382557 0.077387
vt 0.431299 0.073432
vt 0.478534 0.122444
vt 0.459616 0.153772
vt 0.481367 0.276472
vt 0.486567 0.319793
vt 0.474066 0.326173
vt 0.488287 0.337825
vt 0.461119 0.321580
vt 0.458706 0.329713
vt 0.426298 0.329113
vt 0.460362 0.338992
vt 0.414297 0.324376
vt 0.099090 0.416833
vt 0.113717 0.395659
vt 0.092631 0.439271
vt 0.090123 0.461869
vt 0.403831 0.350141
vt 0.398593 0.370368
vt 0.399969 0.363601
vt 0.402095 0.391589
vt 0.160506 0.536576
vt 0.173814 0.554458
vt 0.172956 0.537825
vt 0.226395 0.440284
vt 0.206780 0.449812
vt 0.190534 0.466445
vt 0.176438 0.459993
vt 0.157620 0.451211
vt 0.157696 0.466073
vt 0.162893 0.473083
vt 0.156274 0.472544
vt 0.154723 0.474058
vt 0.154104 0.477034
vt 0.155725 0.476108
vt 0.159007 0.475495
vt 0.157613 0.474220
vt 0.172832 0.489191
vt 0.146492 0.474199
vt 0.169538 0.434238
vt 0.189590 0.419677
vt 0.217489 0.414107
vt 0.189696 0.393030
vt 0.473099 0.344933
vt 0.466370 0.347330
vt 0.492035 0.347793
vt 0.466054 0.365629
vt 0.476901 0.372920
vt 0.455232 0.378354
vt 0.432748 0.397195
vt 0.392414 0.409526
vt 0.389656 0.419883
vt 0.323792 0.416503
vt 0.303339 0.431492
vt 0.300457 0.440034
vt 0.261809 0.436089
vt 0.307699 0.449640
vt 0.244992 0.441572
vt 0.242378 0.437710
vt 0.223874 0.279901
vt 0.241703 0.433667
vt 0.267029 0.416746
vt 0.267215 0.404478
vt 0.266921 0.456882
vt 0.334717 0.452580
vt 0.385285 0.471215
vt 0.398503 0.476562
vt 0.361681 0.503118
vt 0.388224 0.510875
vt 0.414341 0.502409
vt 0.416912 0.527923
vt 0.395982 0.537719
vt 0.352774 0.531591
vt 0.356135 0.545016
vt 0.379345 0.555144
vt 0.404634 0.538737
vt 0.375561 0.562380
vt 0.351070 0.568922
vt 0.378574 0.566922
vt 0.390402 0.560285
vt 0.404868 0.557804
vt 0.440133 0.515255
vt 0.432591 0.497539
vt 0.462410 0.501512
vt 0.481579 0.503323
vt 0.443065 0.536063
vt 0.420694 0.540814
vt 0.423885 0.545892
vt 0.399000 0.596437
vt 0.373206 0.595578
vt 0.409394 0.606021
vt 0.384547 0.581452
vt 0.391254 0.617880
vt 0.371969 0.634017
vt 0.392896 0.649599
vt 0.420131 0.625489
vt 0.411984 0.645424
vt 0.462028 0.526383
vt 0.482199 0.512667
vt 0.495219 0.499047
vt 0.490047 0.517296
vt 0.432496 0.686782
vt 0.435603 0.673444
vt 0.416331 0.682147
vt 0.370800 0.654187
vt 0.325687 0.627089
vt 0.425005 0.640652
vt 0.475275 0.522429
vt 0.483868 0.518693
vt 0.376739 0.571669
vt 0.330500 0.563451
vt 0.314784 0.565934
vt 0.324121 0.546830
vt 0.329717 0.533948
vt 0.346619 0.511457
vt 0.150524 0.362306
vt 0.153625 0.376084
vt 0.383574 0.568884
vt 0.397561 0.564182
vt 0.295163 0.474681
vt 0.306333 0.479492
vt 0.288562 0.386421
vt 0.297798 0.407121
vt 0.436609 0.393150
vt 0.443220 0.387521
vt 0.205825 0.530871
vt 0.389689 0.343917
vt 0.430158 0.312282
vt 0.444772 0.286446
vt 0.372692 0.237504
vt 0.365145 0.302073
vt 0.346581 0.320484
vt 0.322251 0.499241
vt 0.333361 0.506695
vt 0.278528 0.337238
vt 0.283417 0.347531
vt 0.288714 0.353841
vt 0.285910 0.303133
vt 0.272009 0.312860
vt 0.191482 0.339228
vt 0.200420 0.314345
vt 0.201253 0.300455
vt 0.246012 0.287460
vt 0.263130 0.300919
vt 0.269436 0.251567
vt 0.169619 0.208366
vt 0.160969 0.207298
vt 0.158415 0.227328
vt 0.267204 0.198748
vt 0.266512 0.173213
vt 0.264552 0.146981
vt 0.218071 0.132192
vt 0.228230 0.091109
vt 0.226640 0.069492
vt 0.291098 0.211799
vt 0.299922 0.179268
vt 0.314907 0.282932
vt 0.332004 0.231215
vt 0.351582 0.210073
vt 0.327348 0.177858
vt 0.278615 0.051672
vt 0.310760 0.081116
vt 0.321030 0.105419
vt 0.326211 0.123274
vt 0.345436 0.110990
vt 0.339847 0.145075
vt 0.376235 0.179345
vt 0.389149 0.210530
vt 0.348186 0.086336
vt 0.396458 0.109406
vt 0.383209 0.141394
vt 0.419177 0.174040
vt 0.425124 0.145124
vt 0.409933 0.200125
vt 0.428365 0.218430
vt 0.450051 0.181878
vt 0.451901 0.219627
vt 0.447993 0.247924
vt 0.470335 0.236873
vt 0.469056 0.305041
vt 0.429121 0.320037
vt 0.414300 0.336046
vt 0.090180 0.173043
vt 0.074303 0.189899
vt 0.051685 0.211784
vt 0.058953 0.169280
vt 0.100445 0.340839
vt 0.086044 0.350938
vt 0.064809 0.352463
vt 0.070254 0.361327
vt 0.093147 0.348066
vt 0.293017 0.595110
vt 0.299054 0.590351
vt 0.482476 0.628965
vt 0.488375 0.619073
vt 0.478061 0.626743
vt 0.479513 0.606184
vt 0.467088 0.617303
vt 0.467218 0.635815
vt 0.452027 0.673457
vt 0.443929 0.631736
vt 0.443590 0.654851
vt 0.472061 0.438063
vt 0.473196 0.419706
vt 0.484419 0.414452
vt 0.496987 0.398831
vt 0.491571 0.551433
vt 0.489343 0.568450
vt 0.492260 0.596407
vt 0.470023 0.589678
vt 0.449378 0.599574
vt 0.472792 0.567517
vt 0.485408 0.630296
vt 0.492061 0.625929
vt 0.239944 0.284618
vt 0.512878 0.841669
vt 0.454639 0.827031
vt 0.450658 0.890121
vt 0.500420 0.707979
vt 0.448353 0.711616
vt 0.455972 0.722836
vt 0.445171 0.792827
vt 0.500421 0.789740
vt 0.500421 0.779874
vt 0.462118 0.781024
vt 0.465159 0.748316
vt 0.507513 0.749975
vt 0.410773 0.920442
vt 0.454768 0.926006
vt 0.361042 0.920795
vt 0.373911 0.805811
vt 0.293739 0.677526
vt 0.286003 0.690152
vt 0.151506 0.591628
vt 0.125337 0.605314
vt 0.170501 0.596683
vt 0.164546 0.924472
vt 0.098629 0.917641
vt 0.116267 0.925308
vt 0.081818 0.599872
vt 0.080406 0.583773
vt 0.050680 0.580079
vt 0.060389 0.606192
vt 0.156988 0.672134
vt 0.387856 0.839975
vt 0.500420 0.733131
vt 0.500429 0.930292
vt 0.500427 0.901640
vt 0.133427 0.884357
vt 0.183663 0.589018
vt 0.166970 0.582505
vt 0.132932 0.577009
vt 0.222169 0.609072
vt 0.209879 0.618384
vt 0.062907 0.838019
vt 0.063375 0.820719
vt 0.036066 0.819911
vt 0.347681 0.686713
vt 0.307023 0.670335
vt 0.414906 0.701226
vt 0.458033 0.704322
vt 0.281167 0.833275
vt 0.216880 0.848138
vt 0.293172 0.850600
vt 0.221098 0.730276
vt 0.292401 0.799302
vt 0.237384 0.822495
vt 0.305681 0.905075
vt 0.242759 0.917977
vt 0.306147 0.924752
vt 0.061549 0.626025
vt 0.051896 0.603911
vt 0.029936 0.835555
vt 0.086240 0.628964
vt 0.037393 0.864988
vt 0.015370 0.851136
vt 0.114980 0.864681
vt 0.122477 0.831803
vt 0.054232 0.865800
vt 0.126773 0.672979
vt 0.215621 0.793191
vt 0.095903 0.813175
vt 0.114522 0.675929
vt 0.160559 0.737953
vt 0.140368 0.756953
vt 0.175506 0.759272
vt 0.080064 0.887962
vt 0.014168 0.886323
vt 0.049341 0.630998
vt 0.047680 0.618882
vt 0.203137 0.873265
vt 0.164109 0.828695
vt 0.388155 0.869689
vt 0.293010 0.888520
vt 0.280743 0.873812
vt 0.126403 0.760240
vt 0.121448 0.750865
vt 0.114177 0.765063
vt 0.222316 0.760776
vt 0.182352 0.791171
vt 0.126938 0.743334
vt 0.115864 0.735637
vt 0.129884 0.751218
vt 0.423078 0.780769
vt 0.115393 0.780514
vt 0.130925 0.796641
vt 0.112781 0.799423
vt 0.117290 0.700838
vt 0.544855 0.722834
vt 0.552480 0.711616
vt 0.557413 0.793364
vt 0.538723 0.781025
vt 0.550161 0.890106
vt 0.546087 0.925999
vt 0.590078 0.920430
vt 0.639808 0.920783
vt 0.553106 0.811002
vt 0.626510 0.806787
vt 0.714835 0.690151
vt 0.707093 0.677528
vt 0.849298 0.591628
vt 0.830315 0.596687
vt 0.875463 0.605310
vt 0.836285 0.924441
vt 0.884559 0.925276
vt 0.902188 0.917617
vt 0.918983 0.599864
vt 0.940414 0.606189
vt 0.950122 0.580074
vt 0.920383 0.583769
vt 0.843781 0.672140
vt 0.611603 0.839371
vt 0.867404 0.884322
vt 0.817151 0.589019
vt 0.833842 0.582506
vt 0.867854 0.577009
vt 0.778650 0.609072
vt 0.790951 0.618394
vt 0.937907 0.837989
vt 0.962454 0.822599
vt 0.972501 0.810699
vt 0.937440 0.820693
vt 0.653262 0.686681
vt 0.693836 0.670315
vt 0.585932 0.701227
vt 0.542806 0.704322
vt 0.718880 0.833248
vt 0.706753 0.851231
vt 0.784610 0.849350
vt 0.781154 0.727400
vt 0.711699 0.793950
vt 0.762021 0.820874
vt 0.696147 0.902861
vt 0.694694 0.924731
vt 0.758110 0.917896
vt 0.939256 0.626011
vt 0.948907 0.603904
vt 0.970877 0.835526
vt 0.914554 0.628948
vt 0.963416 0.864951
vt 0.985443 0.851105
vt 0.885842 0.864655
vt 0.946585 0.865770
vt 0.878356 0.831780
vt 0.874040 0.672982
vt 0.785506 0.793739
vt 0.904915 0.813152
vt 0.886298 0.675913
vt 0.840269 0.737887
vt 0.825312 0.759185
vt 0.860464 0.756947
vt 0.920756 0.887931
vt 0.986647 0.886289
vt 0.951464 0.630988
vt 0.953123 0.618874
vt 0.799853 0.877870
vt 0.836720 0.828542
vt 0.613185 0.868714
vt 0.708218 0.886528
vt 0.719017 0.874605
vt 0.874407 0.760218
vt 0.886640 0.765045
vt 0.879369 0.750849
vt 0.778234 0.759837
vt 0.818480 0.791262
vt 0.884952 0.735622
vt 0.873880 0.743317
vt 0.870933 0.751205
vt 0.578044 0.780763
vt 0.885425 0.780495
vt 0.869880 0.796620
vt 0.888038 0.799402
vt 0.883523 0.700794
vt 0.960374 0.446417
vt 0.954582 0.416099
vt 0.954192 0.446527
vt 0.972039 0.452733
vt 0.983124 0.486770
vt 0.983330 0.457561
vt 0.983367 0.449499
vt 0.981828 0.416099
vt 0.975197 0.442760
vt 0.968838 0.416099
vt 0.960665 0.449693
vt 0.960847 0.454909
vt 0.960921 0.486770
vt 0.989981 0.446669
vt 0.990030 0.416146
vt 0.520008 0.054388
vt 0.513742 0.021022
vt 0.513506 0.051304
vt 0.531412 0.048615
vt 0.524440 0.021022
vt 0.542596 0.057273
vt 0.542852 0.054473
vt 0.549276 0.021022
vt 0.520276 0.058355
vt 0.520294 0.091694
vt 0.542018 0.091694
vt 0.542687 0.062911
vt 0.549341 0.051679
vt 0.898557 0.014546
vt 0.881744 0.014575
vt 0.882282 0.035345
vt 0.910960 0.037562
vt 0.910288 0.014575
vt 0.887246 0.059518
vt 0.887439 0.085247
vt 0.909361 0.085247
vt 0.909837 0.057743
vt 0.898557 0.048836
vt 0.916705 0.044610
vt 0.916539 0.014575
vt 0.910051 0.048458
vt 0.883502 0.046509
vt 0.948013 0.033125
vt 0.953828 0.011950
vt 0.942970 0.011950
vt 0.940279 0.033865
vt 0.971987 0.060974
vt 0.960666 0.082622
vt 0.971763 0.082622
vt 0.960666 0.039888
vt 0.971349 0.048124
vt 0.972960 0.044170
vt 0.944852 0.043726
vt 0.974143 0.011950
vt 0.949430 0.064187
vt 0.949549 0.082622
vt 0.978681 0.042343
vt 0.978698 0.012198
vt 0.955381 0.129960
vt 0.958135 0.097679
vt 0.949093 0.097679
vt 0.948738 0.127329
vt 0.966790 0.135222
vt 0.955718 0.168351
vt 0.977886 0.168351
vt 0.978101 0.141866
vt 0.966790 0.127776
vt 0.974574 0.097679
vt 0.978246 0.130540
vt 0.955659 0.135025
vt 0.984766 0.128166
vt 0.984772 0.097679
vt 0.754204 0.349180
vt 0.748439 0.316374
vt 0.745008 0.334150
vt 0.775192 0.354426
vt 0.754531 0.387046
vt 0.776687 0.387046
vt 0.776933 0.368611
vt 0.765591 0.345853
vt 0.763796 0.316374
vt 0.777005 0.349132
vt 0.777558 0.316387
vt 0.754425 0.354201
vt 0.783544 0.346916
vt 0.786873 0.332856
vt 0.783572 0.316374
vt 0.747763 0.346857
vt 0.719685 0.509404
vt 0.713809 0.486081
vt 0.713648 0.516644
vt 0.731474 0.523496
vt 0.720382 0.556753
vt 0.742571 0.556753
vt 0.742768 0.529820
vt 0.731474 0.514213
vt 0.725459 0.486081
vt 0.720118 0.519225
vt 0.742773 0.519422
vt 0.742672 0.510291
vt 0.744730 0.486081
vt 0.720309 0.525446
vt 0.752729 0.502829
vt 0.749456 0.486081
vt 0.749452 0.516564
vt 0.922436 0.377251
vt 0.914102 0.376733
vt 0.913999 0.407294
vt 0.921706 0.447396
vt 0.942895 0.447405
vt 0.943075 0.415388
vt 0.923838 0.406788
vt 0.931799 0.376733
vt 0.943199 0.410328
vt 0.942053 0.406614
vt 0.920425 0.410328
vt 0.943326 0.376733
vt 0.920627 0.415193
vt 0.949866 0.406838
vt 0.949780 0.376733
vt 0.016044 0.462744
vt 0.009865 0.462853
vt 0.010255 0.432425
vt 0.027711 0.469062
vt 0.039003 0.473888
vt 0.038797 0.503097
vt 0.039039 0.465826
vt 0.030871 0.459086
vt 0.037503 0.432425
vt 0.024501 0.432425
vt 0.016338 0.466020
vt 0.016519 0.471235
vt 0.016594 0.503097
vt 0.045654 0.462995
vt 0.045702 0.432473
vt 0.465648 0.054168
vt 0.459147 0.051085
vt 0.459382 0.020801
vt 0.477052 0.048394
vt 0.470100 0.020801
vt 0.488236 0.057052
vt 0.488492 0.054253
vt 0.494915 0.020801
vt 0.465916 0.058134
vt 0.488327 0.062690
vt 0.487657 0.091473
vt 0.465935 0.091473
vt 0.494981 0.051457
vt 0.104265 0.010461
vt 0.087985 0.031257
vt 0.087455 0.010491
vt 0.116665 0.033481
vt 0.115986 0.010491
vt 0.092954 0.055441
vt 0.115545 0.053656
vt 0.115068 0.081163
vt 0.093147 0.081163
vt 0.104265 0.044750
vt 0.122413 0.040527
vt 0.122246 0.010491
vt 0.115758 0.044376
vt 0.089216 0.042429
vt 0.026347 0.033051
vt 0.018612 0.033790
vt 0.021303 0.011880
vt 0.032201 0.011880
vt 0.050320 0.060898
vt 0.050096 0.082551
vt 0.038999 0.082551
vt 0.038999 0.039821
vt 0.049683 0.048053
vt 0.051290 0.044104
vt 0.023031 0.043410
vt 0.052470 0.011880
vt 0.027710 0.058903
vt 0.027882 0.082551
vt 0.057014 0.042272
vt 0.057030 0.012125
vt 0.025508 0.131296
vt 0.018863 0.128664
vt 0.019220 0.099016
vt 0.028263 0.099016
vt 0.036916 0.136564
vt 0.048227 0.143201
vt 0.048013 0.169688
vt 0.025844 0.169688
vt 0.036916 0.129114
vt 0.044686 0.099016
vt 0.048373 0.131877
vt 0.025785 0.136363
vt 0.054893 0.129502
vt 0.054898 0.099016
vt 0.223230 0.347892
vt 0.214033 0.332849
vt 0.217465 0.315086
vt 0.244223 0.353133
vt 0.245959 0.367323
vt 0.245713 0.385758
vt 0.223558 0.385758
vt 0.234616 0.344566
vt 0.232839 0.315086
vt 0.246031 0.347844
vt 0.246577 0.315100
vt 0.223451 0.352909
vt 0.252570 0.345629
vt 0.255899 0.331569
vt 0.252598 0.315086
vt 0.216789 0.345570
vt 0.271430 0.517543
vt 0.265392 0.524782
vt 0.265553 0.494219
vt 0.283218 0.531637
vt 0.294512 0.537970
vt 0.294315 0.564891
vt 0.272126 0.564891
vt 0.283218 0.522347
vt 0.277222 0.494219
vt 0.271862 0.527364
vt 0.294517 0.527560
vt 0.294412 0.518430
vt 0.296470 0.494219
vt 0.272053 0.533594
vt 0.304473 0.510963
vt 0.301200 0.494219
vt 0.301196 0.524702
vt 0.059317 0.387812
vt 0.050877 0.417856
vt 0.050979 0.387295
vt 0.058585 0.457957
vt 0.079952 0.425949
vt 0.079772 0.457967
vt 0.060719 0.417348
vt 0.068676 0.387295
vt 0.080076 0.420889
vt 0.078926 0.417175
vt 0.057302 0.420889
vt 0.080189 0.387295
vt 0.057504 0.425751
vt 0.086743 0.417401
vt 0.086657 0.387295
vt 0.033182 0.710932
vt 0.014795 0.722267
vt 0.015169 0.733368
vt 0.055007 0.735758
vt 0.085467 0.735578
vt 0.054968 0.731148
vt 0.085318 0.722267
vt 0.085467 0.713488
vt 0.055187 0.713601
vt 0.043848 0.710962
vt 0.049363 0.733591
vt 0.014795 0.711150
vt 0.056920 0.741030
vt 0.085467 0.740249
vt 0.085467 0.704154
vt 0.062914 0.701916
vt 0.054983 0.704442
vt 0.936972 0.729025
vt 0.914383 0.726369
vt 0.914383 0.722116
vt 0.966759 0.720206
vt 0.952008 0.697371
vt 0.985054 0.697577
vt 0.985054 0.708673
vt 0.944838 0.695181
vt 0.945395 0.699376
vt 0.914383 0.695815
vt 0.914531 0.708673
vt 0.944663 0.717341
vt 0.914383 0.717452
vt 0.956000 0.719978
vt 0.985054 0.719791
vt 0.942736 0.689834
vt 0.914383 0.690691
vt 0.944866 0.726498
vt 0.945302 0.782653
vt 0.944731 0.787257
vt 0.915257 0.786729
vt 0.915257 0.782476
vt 0.954112 0.769033
vt 0.962587 0.757723
vt 0.985929 0.757936
vt 0.985929 0.779919
vt 0.948852 0.780389
vt 0.945737 0.777654
vt 0.947152 0.758215
vt 0.915274 0.769655
vt 0.915257 0.751112
vt 0.956444 0.780300
vt 0.944689 0.750790
vt 0.951520 0.757724
vt 0.506818 0.976023
vt 0.529888 0.982898
vt 0.506746 0.980265
vt 0.577324 0.973704
vt 0.549492 0.951290
vt 0.577417 0.951473
vt 0.531260 0.942049
vt 0.506875 0.957859
vt 0.506858 0.944598
vt 0.541153 0.973918
vt 0.537499 0.969199
vt 0.540923 0.951327
vt 0.537224 0.980141
vt 0.537229 0.946758
vt 0.618748 0.973181
vt 0.615657 0.979353
vt 0.585913 0.978953
vt 0.585913 0.968238
vt 0.620048 0.961257
vt 0.585913 0.943322
vt 0.628169 0.972595
vt 0.656126 0.950167
vt 0.656585 0.972347
vt 0.619670 0.950151
vt 0.615694 0.943303
vt 0.627931 0.949983
vt 0.602396 0.939974
vt 0.665096 0.972066
vt 0.681563 0.981901
vt 0.665081 0.978953
vt 0.689430 0.941156
vt 0.665190 0.954986
vt 0.665081 0.943729
vt 0.697500 0.973416
vt 0.698369 0.950341
vt 0.701154 0.951286
vt 0.707098 0.972597
vt 0.735392 0.972316
vt 0.707098 0.949983
vt 0.734700 0.950147
vt 0.695183 0.979104
vt 0.681563 0.939974
vt 0.695564 0.942966
vt 0.776654 0.973904
vt 0.761583 0.982919
vt 0.743334 0.978076
vt 0.783098 0.962359
vt 0.781133 0.951059
vt 0.814005 0.951263
vt 0.814005 0.973430
vt 0.773879 0.948883
vt 0.773884 0.953484
vt 0.743334 0.958925
vt 0.743334 0.944448
vt 0.770029 0.966373
vt 0.776928 0.950959
vt 0.781566 0.973537
vt 0.773914 0.944408
vt 0.773817 0.980187
vt 0.863752 0.973812
vt 0.861346 0.980044
vt 0.830404 0.979962
vt 0.860562 0.948814
vt 0.859774 0.953393
vt 0.830404 0.949141
vt 0.863998 0.950964
vt 0.852981 0.968734
vt 0.830404 0.962724
vt 0.869397 0.973557
vt 0.901075 0.951182
vt 0.901075 0.973477
vt 0.866831 0.951767
vt 0.872508 0.951085
vt 0.854183 0.941856
vt 0.830404 0.944377
vt 0.860887 0.944381
vt 0.949333 0.968015
vt 0.919286 0.972277
vt 0.918756 0.966463
vt 0.955149 0.944393
vt 0.989352 0.943389
vt 0.989428 0.965569
vt 0.948765 0.940916
vt 0.949243 0.945604
vt 0.918756 0.941939
vt 0.949289 0.962476
vt 0.918756 0.954486
vt 0.952351 0.943247
vt 0.952351 0.965859
vt 0.964298 0.965756
vt 0.949178 0.972339
vt 0.949502 0.936571
vt 0.918756 0.936504
vt 0.055421 0.760999
vt 0.085467 0.761177
vt 0.085467 0.756923
vt 0.055992 0.756396
vt 0.046612 0.774619
vt 0.014795 0.763735
vt 0.014795 0.785716
vt 0.038129 0.785929
vt 0.051872 0.763263
vt 0.053578 0.785437
vt 0.054988 0.765999
vt 0.085467 0.792541
vt 0.085450 0.773999
vt 0.044276 0.763352
vt 0.056041 0.792864
vt 0.049204 0.785928
vt 0.424330 0.953016
vt 0.424245 0.975286
vt 0.452466 0.975466
vt 0.464531 0.979983
vt 0.494916 0.982017
vt 0.465282 0.973157
vt 0.460497 0.975299
vt 0.464509 0.952755
vt 0.460506 0.952841
vt 0.494626 0.963773
vt 0.494857 0.950738
vt 0.494936 0.946497
vt 0.464455 0.946353
vt 0.471044 0.984683
vt 0.391815 0.951773
vt 0.415010 0.947855
vt 0.385268 0.946087
vt 0.385227 0.982149
vt 0.415010 0.982076
vt 0.415060 0.971088
vt 0.380912 0.964190
vt 0.381604 0.952300
vt 0.344339 0.953212
vt 0.345000 0.975277
vt 0.381255 0.975295
vt 0.372993 0.975464
vt 0.398528 0.985472
vt 0.338390 0.952749
vt 0.338411 0.945942
vt 0.321928 0.942995
vt 0.314054 0.983748
vt 0.338411 0.981187
vt 0.338264 0.968433
vt 0.305987 0.951480
vt 0.302337 0.973611
vt 0.305123 0.974555
vt 0.296393 0.952298
vt 0.267847 0.952642
vt 0.268310 0.974743
vt 0.296393 0.974913
vt 0.308312 0.945791
vt 0.321928 0.984921
vt 0.307927 0.981929
vt 0.226319 0.952072
vt 0.259607 0.947103
vt 0.241359 0.943078
vt 0.219855 0.963638
vt 0.188935 0.952569
vt 0.188935 0.974735
vt 0.221853 0.974939
vt 0.229057 0.977114
vt 0.259607 0.981554
vt 0.259607 0.969049
vt 0.229040 0.972236
vt 0.238249 0.957193
vt 0.221247 0.952458
vt 0.226012 0.975038
vt 0.229025 0.981590
vt 0.229124 0.945811
vt 0.145801 0.953287
vt 0.179150 0.947102
vt 0.148209 0.947055
vt 0.149002 0.978287
vt 0.179150 0.978044
vt 0.149834 0.973721
vt 0.145555 0.976136
vt 0.179150 0.963433
vt 0.156705 0.958367
vt 0.140139 0.953542
vt 0.108478 0.953623
vt 0.108478 0.975917
vt 0.142722 0.975332
vt 0.137046 0.976015
vt 0.155378 0.985245
vt 0.179150 0.982722
vt 0.148666 0.982719
vt 0.059851 0.951762
vt 0.090426 0.955592
vt 0.089900 0.947501
vt 0.054012 0.975390
vt 0.019754 0.954249
vt 0.019793 0.976389
vt 0.060405 0.978860
vt 0.090426 0.976840
vt 0.059948 0.974174
vt 0.059875 0.957264
vt 0.090426 0.965292
vt 0.056832 0.976531
vt 0.056832 0.953919
vt 0.044776 0.954022
vt 0.060005 0.947439
vt 0.059839 0.983245
vt 0.090426 0.983274
s 1
usemtl Default_OBJ.002
f 31/1/1 2/2/2 1/3/3
f 5/4/4 4/5/5 2/2/2
f 7/6/6 8/7/7 9/8/8
f 10/9/9 11/10/10 12/11/11
f 1/3/3 13/12/12 31/1/1
f 16/13/13 17/14/14 18/15/15
f 19/16/16 726/17/17 21/18/18
f 19/16/16 21/18/18 20/19/19
f 22/20/20 23/21/21 24/22/22
f 22/20/20 24/22/22 18/15/15
f 450/23/23 448/24/24 48/25/25
f 26/26/26 348/27/27 27/28/28
f 28/29/29 29/30/30 30/31/31
f 33/32/32 34/33/33 35/34/34
f 33/32/32 35/34/34 29/30/30
f 13/12/12 36/35/35 31/1/1
f 37/36/36 34/33/33 33/32/32
f 37/36/36 38/37/37 34/33/33
f 38/37/37 44/38/38 34/33/33
f 38/37/37 39/39/39 44/38/38
f 42/40/40 41/41/41 43/42/42
f 41/41/41 42/40/40 375/43/43
f 46/44/44 47/45/45 48/25/25
f 51/46/46 52/47/47 53/48/48
f 54/49/49 56/50/50 55/51/51
f 60/52/52 371/53/53 61/54/54
f 60/52/52 62/55/55 371/53/53
f 44/38/38 65/56/56 64/57/57
f 44/38/38 66/58/58 65/56/56
f 44/38/38 67/59/59 66/58/58
f 63/60/60 68/61/61 73/62/62
f 63/60/60 73/62/62 49/63/63
f 69/64/64 70/65/65 42/40/40
f 69/64/64 42/40/40 81/66/66
f 71/67/67 72/68/68 73/62/62
f 71/67/67 73/62/62 68/61/61
f 42/40/40 43/42/42 81/66/66
f 63/60/60 49/63/63 77/69/69
f 78/70/70 80/71/71 79/72/72
f 81/66/66 82/73/73 83/74/74
f 81/66/66 83/74/74 84/75/75
f 85/76/76 86/77/77 77/69/69
f 85/76/76 272/78/78 87/79/79
f 85/76/76 87/79/79 86/77/77
f 88/80/80 66/58/58 89/81/81
f 82/73/73 90/82/82 60/52/52
f 82/73/73 60/52/52 91/83/83
f 92/84/84 93/85/85 83/74/74
f 79/72/72 76/86/86 75/87/87
f 79/72/72 94/88/88 76/86/86
f 79/72/72 80/71/71 94/88/88
f 94/88/88 97/89/89 76/86/86
f 80/71/71 78/70/70 98/90/90
f 80/71/71 98/90/90 285/91/91
f 99/92/92 100/93/93 92/84/84
f 99/92/92 92/84/84 82/73/73
f 99/92/92 82/73/73 101/94/94
f 99/92/92 102/95/95 103/96/96
f 104/97/97 88/80/80 106/98/98
f 88/80/80 104/97/97 105/99/99
f 97/89/89 107/100/100 273/101/101
f 289/102/102 281/103/103 87/79/79
f 289/102/102 87/79/79 108/104/104
f 109/105/105 110/106/106 111/107/107
f 109/105/105 111/107/107 112/108/108
f 117/109/109 122/110/110 119/111/111
f 117/109/109 118/112/112 122/110/110
f 122/110/110 124/113/113 123/114/114
f 131/115/115 128/116/116 130/117/117
f 132/118/118 113/119/119 134/120/120
f 135/121/121 132/118/118 134/120/120
f 135/121/121 134/120/120 136/122/122
f 135/121/121 137/123/123 132/118/118
f 138/124/124 139/125/125 140/126/126
f 138/124/124 140/126/126 141/127/127
f 138/124/124 141/127/127 142/128/128
f 143/129/129 146/130/130 144/131/131
f 147/132/132 304/133/133 148/134/134
f 147/132/132 149/135/135 304/133/133
f 150/136/136 151/137/137 152/138/138
f 153/139/139 154/140/140 155/141/141
f 153/139/139 155/141/141 156/142/142
f 132/118/118 387/143/143 133/144/144
f 132/118/118 173/145/145 157/146/146
f 132/118/118 157/146/146 387/143/143
f 158/147/147 144/131/131 146/130/130
f 158/147/147 159/148/148 144/131/131
f 161/149/149 137/123/123 162/150/150
f 160/151/151 163/152/152 150/136/136
f 165/153/153 223/154/154 174/155/155
f 165/153/153 174/155/155 161/149/149
f 165/153/153 161/149/149 153/139/139
f 165/153/153 166/156/156 167/157/157
f 159/148/148 164/158/158 168/159/159
f 170/160/160 171/161/161 157/146/146
f 173/145/145 170/160/160 157/146/146
f 173/145/145 201/162/162 170/160/160
f 176/163/163 177/164/164 169/165/165
f 176/163/163 178/166/166 177/164/164
f 176/163/163 179/167/167 178/166/166
f 180/168/168 181/169/169 182/170/170
f 180/168/168 182/170/170 175/171/171
f 228/172/172 183/173/173 184/174/174
f 186/175/175 187/176/176 188/177/177
f 186/175/175 188/177/177 172/178/178
f 186/175/175 172/178/178 182/170/170
f 186/175/175 182/170/170 181/169/169
f 185/179/179 188/177/177 189/180/180
f 179/167/167 195/181/181 190/182/182
f 179/167/167 190/182/182 178/166/166
f 179/167/167 185/179/179 195/181/181
f 189/180/180 188/177/177 187/176/176
f 192/183/183 193/184/184 187/176/176
f 192/183/183 187/176/176 186/175/175
f 192/183/183 199/185/185 194/186/186
f 195/181/181 189/180/180 191/187/187
f 195/181/181 191/187/187 190/182/182
f 196/188/188 197/189/189 168/159/159
f 196/188/188 192/183/183 198/190/190
f 198/190/190 192/183/183 194/186/186
f 203/191/191 204/192/192 202/193/193
f 203/191/191 202/193/193 201/162/162
f 203/191/191 201/162/162 174/155/155
f 203/191/191 205/194/194 204/192/192
f 206/195/195 396/196/196 208/197/197
f 209/198/198 210/199/199 204/192/192
f 204/192/192 211/200/200 212/201/201
f 212/201/201 213/202/202 202/193/193
f 212/201/201 202/193/193 204/192/192
f 214/203/203 194/186/186 213/202/202
f 214/203/203 198/190/190 194/186/186
f 198/190/190 214/203/203 196/188/188
f 214/203/203 215/204/204 196/188/188
f 214/203/203 216/205/205 215/204/204
f 214/203/203 212/201/201 216/205/205
f 214/203/203 213/202/202 212/201/201
f 212/201/201 217/206/206 216/205/205
f 217/206/206 212/201/201 211/200/200
f 211/200/200 204/192/192 210/199/199
f 210/199/199 218/207/207 211/200/200
f 210/199/199 209/198/198 219/208/208
f 209/198/198 204/192/192 205/194/194
f 209/198/198 205/194/194 219/208/208
f 205/194/194 220/209/209 236/210/210
f 205/194/194 236/210/210 219/208/208
f 205/194/194 221/211/211 220/209/209
f 205/194/194 203/191/191 221/211/211
f 203/191/191 174/155/155 222/212/212
f 222/212/212 174/155/155 223/154/154
f 174/155/155 173/145/145 161/149/149
f 223/154/154 224/213/213 222/212/212
f 223/154/154 225/214/214 224/213/213
f 223/154/154 165/153/153 225/214/214
f 167/157/157 166/156/156 226/215/215
f 166/156/156 165/153/153 153/139/139
f 166/156/156 153/139/139 156/142/142
f 226/215/215 227/216/216 228/172/172
f 226/215/215 228/172/172 167/157/157
f 227/216/216 229/217/217 183/173/173
f 227/216/216 183/173/173 228/172/172
f 229/217/217 230/218/218 183/173/173
f 232/219/219 233/220/220 221/211/211
f 233/220/220 220/209/209 221/211/211
f 233/220/220 234/221/221 220/209/209
f 234/221/221 236/210/210 220/209/209
f 234/221/221 235/222/222 236/210/210
f 235/222/222 237/223/223 236/210/210
f 235/222/222 238/224/224 237/223/223
f 235/222/222 239/225/225 238/224/224
f 239/225/225 240/226/226 238/224/224
f 239/225/225 241/227/227 240/226/226
f 241/227/227 242/228/228 240/226/226
f 241/227/227 243/229/229 242/228/228
f 243/229/229 244/230/230 245/231/231
f 243/229/229 245/231/231 242/228/228
f 244/230/230 413/232/232 245/231/231
f 244/230/230 246/233/233 413/232/232
f 247/234/234 248/235/235 249/236/236
f 252/237/237 423/238/238 251/239/239
f 252/237/237 253/240/240 423/238/238
f 252/237/237 254/241/241 253/240/240
f 253/240/240 255/242/242 256/243/243
f 256/243/243 255/242/242 258/244/244
f 256/243/243 258/244/244 257/245/245
f 258/244/244 259/246/246 261/247/247
f 261/247/247 425/248/248 258/244/244
f 264/249/249 262/250/250 78/70/70
f 78/70/70 265/251/251 264/249/249
f 265/251/251 78/70/70 79/72/72
f 265/251/251 75/87/87 266/252/252
f 265/251/251 79/72/72 75/87/87
f 267/253/253 269/254/254 270/255/255
f 270/255/255 53/48/48 271/256/256
f 270/255/255 51/46/46 53/48/48
f 54/49/49 75/87/87 76/86/86
f 54/49/49 76/86/86 56/50/50
f 76/86/86 272/78/78 56/50/50
f 272/78/78 273/101/101 87/79/79
f 272/78/78 85/76/76 56/50/50
f 77/69/69 50/257/257 85/76/76
f 77/69/69 49/63/63 50/257/257
f 50/257/257 274/258/258 55/51/51
f 50/257/257 275/259/259 274/258/258
f 50/257/257 49/63/63 275/259/259
f 275/259/259 49/63/63 73/62/62
f 72/68/68 276/260/260 73/62/62
f 72/68/68 277/261/261 278/262/262
f 72/68/68 278/262/262 276/260/260
f 72/68/68 279/263/263 277/261/261
f 279/263/263 72/68/68 71/67/67
f 280/264/264 279/263/263 281/103/103
f 280/264/264 283/265/265 284/266/266
f 280/264/264 282/267/267 283/265/265
f 283/265/265 126/268/268 285/91/91
f 126/268/268 130/117/117 129/269/269
f 129/269/269 286/270/270 287/271/271
f 286/270/270 129/269/269 130/117/117
f 286/270/270 130/117/117 128/116/116
f 286/270/270 128/116/116 108/104/104
f 108/104/104 128/116/116 288/272/272
f 288/272/272 128/116/116 131/115/115
f 131/115/115 130/117/117 125/273/273
f 130/117/117 126/268/268 125/273/273
f 131/115/115 125/273/273 288/272/272
f 125/273/273 282/267/267 288/272/272
f 282/267/267 126/268/268 283/265/265
f 282/267/267 125/273/273 126/268/268
f 281/103/103 289/102/102 282/267/267
f 281/103/103 282/267/267 280/264/264
f 281/103/103 279/263/263 71/67/67
f 281/103/103 71/67/67 74/274/274
f 74/274/274 87/79/79 281/103/103
f 74/274/274 71/67/67 86/77/77
f 74/274/274 86/77/77 87/79/79
f 71/67/67 68/61/61 86/77/77
f 68/61/61 63/60/60 86/77/77
f 86/77/77 63/60/60 77/69/69
f 87/79/79 273/101/101 108/104/104
f 273/101/101 107/100/100 108/104/104
f 273/101/101 272/78/78 97/89/89
f 97/89/89 272/78/78 76/86/86
f 107/100/100 287/271/271 286/270/270
f 107/100/100 286/270/270 108/104/104
f 289/102/102 108/104/104 288/272/272
f 289/102/102 288/272/272 282/267/267
f 287/271/271 107/100/100 290/275/275
f 290/275/275 129/269/269 287/271/271
f 290/275/275 107/100/100 97/89/89
f 290/275/275 97/89/89 94/88/88
f 290/275/275 80/71/71 285/91/91
f 290/275/275 94/88/88 80/71/71
f 285/91/91 129/269/269 290/275/275
f 285/91/91 126/268/268 129/269/269
f 283/265/265 285/91/91 98/90/90
f 283/265/265 98/90/90 284/266/266
f 98/90/90 78/70/70 291/276/276
f 98/90/90 291/276/276 284/266/266
f 291/276/276 262/250/250 292/277/277
f 291/276/276 78/70/70 262/250/250
f 292/277/277 263/278/278 293/279/279
f 292/277/277 262/250/250 263/278/278
f 259/246/246 258/244/244 294/280/280
f 294/280/280 295/281/281 259/246/246
f 294/280/280 258/244/244 255/242/242
f 255/242/242 296/282/282 19/16/16
f 296/282/282 726/17/17 19/16/16
f 19/16/16 294/280/280 255/242/242
f 19/16/16 25/283/283 297/284/284
f 25/283/283 298/285/285 297/284/284
f 25/283/283 367/286/286 298/285/285
f 25/283/283 30/31/31 367/286/286
f 25/283/283 28/29/29 30/31/31
f 30/31/31 29/30/30 35/34/34
f 35/34/34 299/287/287 30/31/31
f 35/34/34 34/33/33 45/288/288
f 34/33/33 44/38/38 45/288/288
f 45/288/288 299/287/287 35/34/34
f 45/288/288 64/57/57 61/54/54
f 45/288/288 61/54/54 299/287/287
f 64/57/57 45/288/288 44/38/38
f 64/57/57 60/52/52 61/54/54
f 64/57/57 91/83/83 60/52/52
f 64/57/57 300/289/289 91/83/83
f 64/57/57 65/56/56 300/289/289
f 65/56/56 301/290/290 300/289/289
f 301/290/290 65/56/56 302/291/291
f 302/291/291 305/292/292 301/290/290
f 302/291/291 303/293/293 304/133/133
f 302/291/291 304/133/133 305/292/292
f 304/133/133 149/135/135 306/294/294
f 306/294/294 305/292/292 304/133/133
f 306/294/294 307/295/295 305/292/292
f 163/152/152 160/151/151 308/296/296
f 308/296/296 160/151/151 164/158/158
f 309/297/297 305/292/292 307/295/295
f 308/296/296 164/158/158 159/148/148
f 308/296/296 159/148/148 158/147/147
f 309/297/297 142/128/128 141/127/127
f 310/298/298 141/127/127 140/126/126
f 310/298/298 140/126/126 311/299/299
f 312/300/300 304/133/133 105/99/99
f 312/300/300 148/134/134 304/133/133
f 304/133/133 303/293/293 105/99/99
f 303/293/293 302/291/291 313/301/301
f 313/301/301 302/291/291 65/56/56
f 313/301/301 65/56/56 66/58/58
f 66/58/58 314/302/302 89/81/81
f 66/58/58 67/59/59 314/302/302
f 89/81/81 314/302/302 40/303/303
f 89/81/81 106/98/98 88/80/80
f 40/303/303 95/304/304 89/81/81
f 40/303/303 315/305/305 316/306/306
f 316/306/306 315/305/305 321/307/307
f 316/306/306 95/304/304 40/303/303
f 316/306/306 321/307/307 317/308/308
f 316/306/306 359/309/309 95/304/304
f 316/306/306 317/308/308 359/309/309
f 317/308/308 120/310/310 318/311/311
f 317/308/308 318/311/311 359/309/309
f 120/310/310 317/308/308 320/312/312
f 120/310/310 121/313/313 318/311/311
f 121/313/313 354/314/314 318/311/311
f 121/313/313 120/310/310 115/315/315
f 120/310/310 319/316/316 115/315/315
f 319/316/316 120/310/310 320/312/312
f 319/316/316 320/312/312 328/317/317
f 320/312/312 317/308/308 321/307/307
f 321/307/307 315/305/305 324/318/318
f 315/305/305 322/319/319 324/318/318
f 315/305/305 40/303/303 322/319/319
f 322/319/319 39/39/39 38/37/37
f 322/319/319 40/303/303 39/39/39
f 38/37/37 323/320/320 322/319/319
f 38/37/37 37/36/36 323/320/320
f 37/36/36 22/20/20 323/320/320
f 37/36/36 23/21/21 22/20/20
f 324/318/318 323/320/320 14/321/321
f 321/307/307 324/318/318 325/322/322
f 321/307/307 325/322/322 326/323/323
f 326/323/323 320/312/312 321/307/307
f 326/323/323 327/324/324 328/317/317
f 329/325/325 330/326/326 331/327/327
f 331/327/327 332/328/328 329/325/325
f 331/327/327 330/326/326 333/329/329
f 333/329/329 334/330/330 118/112/112
f 333/329/329 118/112/112 331/327/327
f 333/329/329 335/331/331 334/330/330
f 333/329/329 330/326/326 336/332/332
f 333/329/329 336/332/332 337/333/333
f 338/334/334 327/324/324 326/323/323
f 338/334/334 326/323/323 325/322/322
f 325/322/322 340/335/335 338/334/334
f 325/322/322 324/318/318 14/321/321
f 14/321/321 341/336/336 325/322/322
f 341/336/336 14/321/321 15/337/337
f 341/336/336 15/337/337 342/338/338
f 15/337/337 14/321/321 343/339/339
f 22/20/20 18/15/15 343/339/339
f 18/15/15 458/340/340 343/339/339
f 18/15/15 17/14/14 458/340/340
f 342/338/338 344/341/341 352/342/342
f 345/343/343 26/26/26 346/344/344
f 345/343/343 347/345/345 26/26/26
f 347/345/345 335/331/331 348/27/27
f 347/345/345 349/346/346 335/331/331
f 349/346/346 334/330/330 335/331/331
f 349/346/346 350/347/347 118/112/112
f 349/346/346 118/112/112 334/330/330
f 350/347/347 124/113/113 122/110/110
f 350/347/347 122/110/110 118/112/112
f 335/331/331 333/329/329 337/333/333
f 337/333/333 336/332/332 339/348/348
f 339/348/348 348/27/27 337/333/333
f 339/348/348 27/28/28 348/27/27
f 351/349/349 340/335/335 325/322/322
f 325/322/322 352/342/342 353/350/350
f 325/322/322 353/350/350 351/349/349
f 325/322/322 341/336/336 352/342/342
f 352/342/342 341/336/336 342/338/338
f 337/333/333 348/27/27 335/331/331
f 347/345/345 348/27/27 26/26/26
f 331/327/327 354/314/314 116/351/351
f 331/327/327 116/351/351 332/328/328
f 331/327/327 118/112/112 117/109/109
f 331/327/327 117/109/109 354/314/314
f 354/314/314 356/352/352 355/353/353
f 354/314/314 117/109/109 119/111/111
f 354/314/314 119/111/111 356/352/352
f 355/353/353 356/352/352 357/354/354
f 357/354/354 358/355/355 318/311/311
f 358/355/355 96/356/356 359/309/309
f 113/119/119 109/105/105 360/357/357
f 96/356/356 95/304/304 359/309/309
f 360/357/357 109/105/105 361/358/358
f 359/309/309 318/311/311 358/355/355
f 357/354/354 318/311/311 354/314/314
f 357/354/354 354/314/314 355/353/353
f 354/314/314 121/313/313 116/351/351
f 114/359/359 115/315/315 319/316/316
f 114/359/359 319/316/316 362/360/360
f 319/316/316 328/317/317 362/360/360
f 326/323/323 328/317/317 320/312/312
f 322/319/319 323/320/320 324/318/318
f 313/301/301 66/58/58 88/80/80
f 313/301/301 88/80/80 105/99/99
f 313/301/301 105/99/99 303/293/293
f 105/99/99 363/361/361 364/362/362
f 364/362/362 312/300/300 105/99/99
f 99/92/92 365/363/363 102/95/95
f 99/92/92 101/94/94 310/298/298
f 99/92/92 310/298/298 365/363/363
f 310/298/298 101/94/94 366/364/364
f 310/298/298 311/299/299 365/363/363
f 366/364/364 141/127/127 310/298/298
f 366/364/364 301/290/290 141/127/127
f 141/127/127 301/290/290 309/297/297
f 309/297/297 301/290/290 305/292/292
f 366/364/364 300/289/289 301/290/290
f 366/364/364 101/94/94 91/83/83
f 101/94/94 82/73/73 91/83/83
f 91/83/83 300/289/289 366/364/364
f 105/99/99 104/97/97 363/361/361
f 299/287/287 271/256/256 30/31/31
f 30/31/31 271/256/256 53/48/48
f 30/31/31 53/48/48 367/286/286
f 367/286/286 52/47/47 368/365/365
f 368/365/365 369/366/366 367/286/286
f 274/258/258 275/259/259 370/367/367
f 369/366/366 298/285/285 367/286/286
f 370/367/367 275/259/259 73/62/62
f 52/47/47 367/286/286 53/48/48
f 271/256/256 299/287/287 371/53/53
f 371/53/53 299/287/287 61/54/54
f 371/53/53 62/55/55 372/368/368
f 62/55/55 41/41/41 372/368/368
f 62/55/55 43/42/42 41/41/41
f 62/55/55 81/66/66 43/42/42
f 62/55/55 90/82/82 82/73/73
f 62/55/55 82/73/73 81/66/66
f 373/369/369 41/41/41 375/43/43
f 373/369/369 375/43/43 374/370/370
f 375/43/43 42/40/40 70/65/65
f 70/65/65 69/64/64 127/371/371
f 69/64/64 376/372/372 127/371/371
f 376/372/372 69/64/64 81/66/66
f 376/372/372 81/66/66 84/75/75
f 84/75/75 83/74/74 93/85/85
f 106/98/98 378/373/373 379/374/374
f 106/98/98 89/81/81 95/304/304
f 106/98/98 95/304/304 96/356/356
f 106/98/98 96/356/356 378/373/373
f 93/85/85 380/375/375 84/75/75
f 93/85/85 377/376/376 381/377/377
f 93/85/85 381/377/377 380/375/375
f 380/375/375 382/378/378 84/75/75
f 380/375/375 383/379/379 382/378/378
f 384/380/380 110/106/106 109/105/105
f 384/380/380 109/105/105 133/144/144
f 133/144/144 109/105/105 113/119/119
f 133/144/144 113/119/119 132/118/118
f 385/381/381 133/144/144 387/143/143
f 385/381/381 387/143/143 386/382/382
f 386/382/382 150/136/136 152/138/138
f 386/382/382 387/143/143 150/136/136
f 145/383/383 143/129/129 382/378/378
f 145/383/383 382/378/378 388/384/384
f 382/378/378 383/379/379 388/384/384
f 382/378/378 144/131/131 389/385/385
f 382/378/378 143/129/129 144/131/131
f 389/385/385 144/131/131 159/148/148
f 159/148/148 197/189/189 389/385/385
f 168/159/159 169/165/165 177/164/164
f 168/159/159 164/158/158 169/165/165
f 177/164/164 191/187/187 196/188/188
f 191/187/187 187/176/176 196/188/188
f 191/187/187 189/180/180 187/176/176
f 187/176/176 193/184/184 196/188/188
f 194/186/186 391/386/386 213/202/202
f 391/386/386 194/186/186 199/185/185
f 202/193/193 391/386/386 199/185/185
f 202/193/193 199/185/185 200/387/387
f 392/388/388 200/387/387 199/185/185
f 392/388/388 199/185/185 181/169/169
f 392/388/388 180/168/168 170/160/160
f 392/388/388 181/169/169 180/168/168
f 180/168/168 172/178/178 170/160/160
f 180/168/168 175/171/171 172/178/178
f 172/178/178 175/171/171 182/170/170
f 392/388/388 201/162/162 200/387/387
f 392/388/388 170/160/160 201/162/162
f 200/387/387 201/162/162 202/193/193
f 213/202/202 391/386/386 202/193/193
f 193/184/184 192/183/183 196/188/188
f 196/188/188 168/159/159 177/164/164
f 168/159/159 197/189/189 159/148/148
f 197/189/189 390/389/389 389/385/385
f 197/189/189 196/188/188 215/204/204
f 215/204/204 216/205/205 393/390/390
f 216/205/205 394/391/391 395/392/392
f 216/205/205 395/392/392 393/390/390
f 394/391/391 216/205/205 217/206/206
f 394/391/391 217/206/206 211/200/200
f 394/391/391 218/207/207 397/393/393
f 394/391/391 211/200/200 218/207/207
f 218/207/207 210/199/199 237/223/223
f 218/207/207 237/223/223 238/224/224
f 237/223/223 210/199/199 219/208/208
f 237/223/223 219/208/208 236/210/210
f 238/224/224 397/393/393 218/207/207
f 397/393/393 238/224/224 403/394/394
f 397/393/393 396/196/196 394/391/391
f 396/196/196 395/392/392 394/391/391
f 395/392/392 396/196/196 206/195/195
f 393/390/390 395/392/392 206/195/195
f 393/390/390 197/189/189 215/204/204
f 393/390/390 390/389/389 197/189/189
f 390/389/389 393/390/390 398/395/395
f 390/389/389 398/395/395 399/396/396
f 389/385/385 390/389/389 399/396/396
f 399/396/396 400/397/397 389/385/385
f 400/397/397 382/378/378 389/385/385
f 400/397/397 84/75/75 382/378/378
f 84/75/75 400/397/397 376/372/372
f 400/397/397 401/398/398 376/372/372
f 401/398/398 400/397/397 399/396/396
f 401/398/398 408/399/399 409/400/400
f 401/398/398 398/395/395 408/399/399
f 401/398/398 399/396/396 398/395/395
f 398/395/395 393/390/390 206/195/195
f 208/197/197 397/393/393 402/401/401
f 208/197/197 396/196/196 397/393/393
f 403/394/394 240/226/226 402/401/401
f 403/394/394 402/401/401 397/393/393
f 402/401/401 240/226/226 242/228/228
f 402/401/401 242/228/228 404/402/402
f 402/401/401 404/402/402 208/197/197
f 404/402/402 207/403/403 208/197/197
f 208/197/197 207/403/403 206/195/195
f 207/403/403 406/404/404 206/195/195
f 207/403/403 405/405/405 406/404/404
f 406/404/404 407/406/406 206/195/195
f 407/406/406 398/395/395 206/195/195
f 407/406/406 408/399/399 398/395/395
f 408/399/399 411/407/407 409/400/400
f 408/399/399 407/406/406 411/407/407
f 401/398/398 409/400/400 127/371/371
f 127/371/371 376/372/372 401/398/398
f 127/371/371 410/408/408 70/65/65
f 127/371/371 409/400/400 410/408/408
f 410/408/408 409/400/400 411/407/407
f 407/406/406 406/404/404 405/405/405
f 405/405/405 207/403/403 412/409/409
f 207/403/403 404/402/402 412/409/409
f 412/409/409 404/402/402 242/228/228
f 242/228/228 245/231/231 412/409/409
f 245/231/231 413/232/232 412/409/409
f 412/409/409 413/232/232 414/410/410
f 414/410/410 405/405/405 412/409/409
f 414/410/410 415/411/411 405/405/405
f 415/411/411 411/407/407 407/406/406
f 415/411/411 416/412/412 417/413/413
f 415/411/411 417/413/413 418/414/414
f 415/411/411 418/414/414 411/407/407
f 418/414/414 419/415/415 410/408/408
f 419/415/415 420/416/416 70/65/65
f 419/415/415 70/65/65 410/408/408
f 419/415/415 417/413/413 421/417/417
f 419/415/415 418/414/414 417/413/413
f 417/413/413 249/236/236 421/417/417
f 417/413/413 416/412/412 249/236/236
f 416/412/412 415/411/411 414/410/410
f 413/232/232 246/233/233 414/410/410
f 414/410/410 246/233/233 247/234/234
f 414/410/410 247/234/234 249/236/236
f 414/410/410 249/236/236 416/412/412
f 249/236/236 248/235/235 421/417/417
f 421/417/417 248/235/235 250/418/418
f 421/417/417 250/418/418 251/239/239
f 421/417/417 422/419/419 420/416/416
f 421/417/417 420/416/416 419/415/415
f 420/416/416 422/419/419 375/43/43
f 420/416/416 375/43/43 70/65/65
f 422/419/419 374/370/370 375/43/43
f 422/419/419 423/238/238 374/370/370
f 251/239/239 422/419/419 421/417/417
f 422/419/419 251/239/239 423/238/238
f 424/420/420 374/370/370 423/238/238
f 374/370/370 424/420/420 373/369/369
f 424/420/420 256/243/243 257/245/245
f 424/420/420 257/245/245 373/369/369
f 373/369/369 257/245/245 260/421/421
f 260/421/421 257/245/245 258/244/244
f 260/421/421 258/244/244 425/248/248
f 425/248/248 261/247/247 268/422/422
f 425/248/248 268/422/422 267/253/253
f 267/253/253 372/368/368 425/248/248
f 372/368/368 267/253/253 270/255/255
f 372/368/368 270/255/255 371/53/53
f 372/368/368 41/41/41 425/248/248
f 425/248/248 41/41/41 373/369/369
f 425/248/248 373/369/369 260/421/421
f 424/420/420 423/238/238 253/240/240
f 418/414/414 410/408/408 411/407/407
f 415/411/411 407/406/406 405/405/405
f 403/394/394 238/224/224 240/226/226
f 371/53/53 270/255/255 271/256/256
f 370/367/367 73/62/62 276/260/260
f 19/16/16 297/284/284 295/281/281
f 19/16/16 295/281/281 294/280/280
f 277/261/261 292/277/277 293/279/279
f 277/261/261 293/279/279 278/262/262
f 277/261/261 279/263/263 292/277/277
f 292/277/277 279/263/263 280/264/264
f 292/277/277 280/264/264 291/276/276
f 291/276/276 280/264/264 284/266/266
f 55/51/51 56/50/50 85/76/76
f 55/51/51 85/76/76 50/257/257
f 221/211/211 203/191/191 224/213/213
f 221/211/211 224/213/213 426/423/423
f 203/191/191 222/212/212 224/213/213
f 224/213/213 225/214/214 427/424/424
f 224/213/213 427/424/424 426/423/423
f 225/214/214 184/174/174 428/425/425
f 184/174/174 225/214/214 165/153/153
f 184/174/174 165/153/153 228/172/172
f 228/172/172 165/153/153 167/157/157
f 184/174/174 183/173/173 428/425/425
f 428/425/425 183/173/173 230/218/218
f 230/218/218 231/426/426 427/424/424
f 230/218/218 427/424/424 428/425/425
f 427/424/424 231/426/426 232/219/219
f 427/424/424 232/219/219 426/423/423
f 426/423/423 232/219/219 221/211/211
f 428/425/425 427/424/424 225/214/214
f 201/162/162 173/145/145 174/155/155
f 199/185/185 192/183/183 181/169/169
f 181/169/169 192/183/183 186/175/175
f 191/187/187 177/164/164 178/166/166
f 195/181/181 185/179/179 189/180/180
f 188/177/177 185/179/179 176/163/163
f 176/163/163 185/179/179 179/167/167
f 176/163/163 169/165/165 188/177/177
f 188/177/177 169/165/165 172/178/178
f 172/178/178 160/151/151 171/161/161
f 172/178/178 169/165/165 160/151/151
f 171/161/161 160/151/151 387/143/143
f 387/143/143 160/151/151 150/136/136
f 171/161/161 387/143/143 157/146/146
f 171/161/161 170/160/160 172/178/178
f 173/145/145 137/123/123 161/149/149
f 160/151/151 169/165/165 164/158/158
f 153/139/139 161/149/149 162/150/150
f 153/139/139 162/150/150 154/140/140
f 162/150/150 135/121/121 154/140/140
f 162/150/150 137/123/123 135/121/121
f 135/121/121 136/122/122 429/427/427
f 135/121/121 429/427/427 154/140/140
f 154/140/140 429/427/427 430/428/428
f 430/428/428 432/429/429 431/430/430
f 430/428/428 429/427/427 433/431/431
f 434/432/432 122/110/110 123/114/114
f 434/432/432 435/433/433 122/110/110
f 431/430/430 155/141/141 154/140/140
f 431/430/430 154/140/140 430/428/428
f 137/123/123 173/145/145 132/118/118
f 435/433/433 119/111/111 122/110/110
f 93/85/85 92/84/84 100/93/93
f 82/73/73 92/84/84 83/74/74
f 60/52/52 90/82/82 62/55/55
f 59/434/434 58/435/435 437/436/436
f 58/435/435 439/437/437 438/438/438
f 439/437/437 36/35/35 32/439/439
f 439/437/437 440/440/440 441/441/441
f 439/437/437 32/439/439 440/440/440
f 32/439/439 13/12/12 1/3/3
f 24/22/22 16/13/13 18/15/15
f 23/21/21 443/442/442 442/443/443
f 23/21/21 29/30/30 443/442/442
f 23/21/21 33/32/32 29/30/30
f 23/21/21 37/36/36 33/32/32
f 443/442/442 29/30/30 28/29/29
f 443/442/442 444/444/444 442/443/443
f 443/442/442 445/445/445 444/444/444
f 28/29/29 20/19/19 443/442/442
f 28/29/29 25/283/283 19/16/16
f 28/29/29 19/16/16 20/19/19
f 20/19/19 445/445/445 443/442/442
f 446/446/446 448/24/24 447/447/447
f 446/446/446 449/448/448 448/24/24
f 449/448/448 48/25/25 448/24/24
f 449/448/448 46/44/44 48/25/25
f 48/25/25 47/45/45 450/23/23
f 450/23/23 437/436/436 58/435/435
f 450/23/23 58/435/435 451/449/449
f 451/449/449 58/435/435 438/438/438
f 451/449/449 438/438/438 452/450/450
f 438/438/438 441/441/441 452/450/450
f 441/441/441 438/438/438 439/437/437
f 441/441/441 453/451/451 452/450/450
f 452/450/450 454/452/452 448/24/24
f 452/450/450 453/451/451 454/452/452
f 454/452/452 447/447/447 448/24/24
f 448/24/24 450/23/23 451/449/449
f 448/24/24 451/449/449 452/450/450
f 437/436/436 450/23/23 47/45/45
f 437/436/436 47/45/45 57/453/453
f 47/45/45 46/44/44 3/454/454
f 3/454/454 57/453/453 47/45/45
f 31/1/1 57/453/453 3/454/454
f 57/453/453 31/1/1 36/35/35
f 57/453/453 36/35/35 59/434/434
f 57/453/453 59/434/434 437/436/436
f 36/35/35 439/437/437 58/435/435
f 36/35/35 58/435/435 59/434/434
f 36/35/35 13/12/12 32/439/439
f 22/20/20 14/321/321 323/320/320
f 22/20/20 343/339/339 14/321/321
f 190/182/182 191/187/187 178/166/166
f 254/241/241 296/282/282 255/242/242
f 254/241/241 255/242/242 253/240/240
f 146/130/130 143/129/129 145/383/383
f 146/130/130 145/383/383 436/455/455
f 253/240/240 256/243/243 424/420/420
f 39/39/39 40/303/303 67/59/59
f 39/39/39 67/59/59 44/38/38
f 67/59/59 40/303/303 314/302/302
f 4/5/5 5/4/4 455/456/456
f 457/457/457 458/340/340 17/14/14
f 726/17/17 459/458/458 21/18/18
f 460/459/459 461/460/460 462/461/461
f 460/459/459 458/340/340 461/460/460
f 465/462/462 466/463/463 776/464/464
f 467/465/465 468/466/466 469/467/467
f 471/468/468 472/469/469 473/470/470
f 471/468/468 469/467/467 472/469/469
f 455/456/456 5/4/4 474/471/471
f 6/472/472 3/454/454 46/44/44
f 475/473/473 471/468/468 473/470/470
f 475/473/473 473/470/470 476/474/474
f 476/474/474 473/470/470 482/475/475
f 476/474/474 482/475/475 477/476/476
f 480/477/477 481/478/478 479/479/479
f 479/479/479 802/480/480 480/477/477
f 486/481/481 487/482/482 488/483/483
f 489/484/484 490/485/485 491/486/486
f 496/487/487 497/488/488 798/489/489
f 496/487/487 798/489/489 498/490/490
f 482/475/475 500/491/491 501/492/492
f 482/475/475 501/492/492 523/493/493
f 482/475/475 523/493/493 502/494/494
f 499/495/495 704/496/496 503/497/497
f 499/495/495 484/498/498 704/496/496
f 504/499/499 480/477/477 505/500/500
f 504/499/499 515/501/501 480/477/477
f 506/502/502 704/496/496 507/503/503
f 506/502/502 503/497/497 704/496/496
f 480/477/477 515/501/501 481/478/478
f 499/495/495 511/504/504 484/498/498
f 512/505/505 513/506/506 514/507/507
f 515/501/501 517/508/508 518/509/509
f 515/501/501 518/509/509 516/510/510
f 701/511/511 511/504/504 519/512/512
f 701/511/511 520/513/513 699/514/514
f 701/511/511 519/512/512 520/513/513
f 521/515/515 522/516/516 523/493/493
f 516/510/510 525/517/517 496/487/487
f 516/510/510 496/487/487 524/518/518
f 526/519/519 518/509/509 527/520/520
f 513/506/506 509/521/521 510/522/522
f 513/506/506 510/522/522 528/523/523
f 513/506/506 528/523/523 514/507/507
f 528/523/523 510/522/522 531/524/524
f 514/507/507 532/525/525 512/505/505
f 514/507/507 533/526/526 532/525/525
f 534/527/527 526/519/519 535/528/528
f 534/527/527 536/529/529 516/510/510
f 534/527/527 516/510/510 526/519/519
f 534/527/527 537/530/530 538/531/531
f 539/532/532 540/533/533 521/515/515
f 521/515/515 541/534/534 539/532/532
f 531/524/524 700/535/535 542/536/536
f 718/537/537 520/513/513 709/538/538
f 718/537/537 543/539/539 520/513/513
f 544/540/540 545/541/541 546/542/542
f 544/540/540 547/543/543 545/541/541
f 552/544/544 554/545/545 557/546/546
f 552/544/544 557/546/546 553/547/547
f 557/546/546 558/548/548 559/549/549
f 564/550/550 563/551/551 562/552/552
f 565/553/553 566/554/554 548/555/555
f 567/556/556 566/554/554 565/553/553
f 567/556/556 568/557/557 566/554/554
f 567/556/556 565/553/553 569/558/558
f 570/559/559 571/560/560 572/561/561
f 570/559/559 572/561/561 573/562/562
f 570/559/559 574/563/563 571/560/560
f 575/564/564 576/565/565 578/566/566
f 579/567/567 580/568/568 732/569/569
f 579/567/567 732/569/569 581/570/570
f 582/571/571 584/572/572 585/573/573
f 595/574/574 586/575/575 587/576/576
f 595/574/574 587/576/576 588/577/577
f 565/553/553 813/578/578 589/579/579
f 565/553/553 589/579/579 590/580/580
f 565/553/553 590/580/580 605/581/581
f 591/582/582 578/566/566 576/565/565
f 591/582/582 576/565/565 597/583/583
f 593/584/584 594/585/585 569/558/558
f 592/586/586 582/571/571 583/587/587
f 598/588/588 593/584/584 606/589/589
f 598/588/588 606/589/589 655/590/590
f 598/588/588 595/574/574 593/584/584
f 598/588/588 599/591/591 600/592/592
f 597/583/583 629/593/593 596/594/594
f 602/595/595 590/580/580 603/596/596
f 605/581/581 590/580/580 602/595/595
f 605/581/581 602/595/595 633/597/597
f 608/598/598 601/599/599 609/600/600
f 608/598/598 609/600/600 610/601/601
f 608/598/598 610/601/601 611/602/602
f 612/603/603 613/604/604 614/605/605
f 612/603/603 607/606/606 613/604/604
f 659/607/607 858/608/608 615/609/609
f 617/610/610 618/611/611 619/612/612
f 617/610/610 613/604/604 604/613/613
f 617/610/610 604/613/613 618/611/611
f 617/610/610 614/605/605 613/604/604
f 616/614/614 620/615/615 618/611/611
f 611/602/602 610/601/601 621/616/616
f 611/602/602 621/616/616 626/617/617
f 611/602/602 626/617/617 616/614/614
f 620/615/615 619/612/612 618/611/611
f 623/618/618 617/610/610 619/612/612
f 623/618/618 619/612/612 624/619/619
f 623/618/618 625/620/620 631/621/621
f 626/617/617 621/616/616 622/622/622
f 626/617/617 622/622/622 620/615/615
f 627/623/623 629/593/593 628/624/624
f 627/623/623 630/625/625 623/618/618
f 630/625/625 625/620/620 623/618/618
f 635/626/626 634/627/627 636/628/628
f 635/626/626 606/589/589 633/597/597
f 635/626/626 633/597/597 634/627/627
f 635/626/626 636/628/628 637/629/629
f 638/630/630 640/631/631 824/632/632
f 641/633/633 636/628/628 642/634/634
f 636/628/628 643/635/635 649/636/636
f 643/635/635 636/628/628 634/627/627
f 643/635/635 634/627/627 644/637/637
f 645/638/638 644/637/637 625/620/620
f 645/638/638 625/620/620 630/625/625
f 630/625/625 627/623/623 645/638/638
f 645/638/638 627/623/623 646/639/639
f 645/638/638 646/639/639 647/640/640
f 645/638/638 647/640/640 643/635/635
f 645/638/638 643/635/635 644/637/637
f 643/635/635 647/640/640 648/641/641
f 648/641/641 649/636/636 643/635/635
f 649/636/636 642/634/634 636/628/628
f 642/634/634 649/636/636 650/642/642
f 642/634/634 651/643/643 641/633/633
f 641/633/633 651/643/643 637/629/629
f 641/633/633 637/629/629 636/628/628
f 637/629/629 651/643/643 668/644/644
f 637/629/629 668/644/644 652/645/645
f 637/629/629 652/645/645 653/646/646
f 637/629/629 653/646/646 635/626/626
f 635/626/626 654/647/647 606/589/589
f 654/647/647 655/590/590 606/589/589
f 606/589/589 593/584/584 605/581/581
f 655/590/590 654/647/647 656/648/648
f 655/590/590 656/648/648 657/649/649
f 655/590/590 657/649/649 598/588/588
f 599/591/591 658/650/650 600/592/592
f 600/592/592 595/574/574 598/588/588
f 600/592/592 586/575/575 595/574/574
f 658/650/650 599/591/591 659/607/607
f 658/650/650 659/607/607 660/651/651
f 660/651/651 659/607/607 615/609/609
f 660/651/651 615/609/609 661/652/652
f 661/652/652 615/609/609 662/653/653
f 664/654/654 653/646/646 665/655/655
f 665/655/655 653/646/646 652/645/645
f 665/655/655 652/645/645 666/656/656
f 666/656/656 652/645/645 668/644/644
f 666/656/656 668/644/644 667/657/657
f 667/657/657 668/644/644 669/658/658
f 667/657/657 669/658/658 670/659/659
f 667/657/657 670/659/659 671/660/660
f 671/660/660 670/659/659 672/661/661
f 671/660/660 672/661/661 673/662/662
f 673/662/662 672/661/661 674/663/663
f 673/662/662 674/663/663 675/664/664
f 675/664/664 674/663/663 676/665/665
f 675/664/664 676/665/665 677/666/666
f 677/666/666 676/665/665 841/667/667
f 677/666/666 841/667/667 678/668/668
f 679/669/669 680/670/670 250/418/418
f 252/237/237 251/239/239 852/671/671
f 252/237/237 852/671/671 681/672/672
f 252/237/237 681/672/672 254/241/241
f 681/672/672 683/673/673 682/674/674
f 683/673/673 684/675/675 685/676/676
f 683/673/673 685/676/676 682/674/674
f 685/676/676 688/677/677 686/678/678
f 688/677/677 685/676/676 854/679/679
f 691/680/680 512/505/505 689/681/681
f 512/505/505 691/680/680 692/682/682
f 692/682/682 513/506/506 512/505/505
f 692/682/682 693/683/683 509/521/521
f 692/682/682 509/521/521 513/506/506
f 694/684/684 696/685/685 697/686/686
f 696/685/685 698/687/687 487/482/482
f 696/685/685 487/482/482 486/481/481
f 489/484/484 510/522/522 509/521/521
f 489/484/484 491/486/486 510/522/522
f 510/522/522 491/486/486 699/514/514
f 699/514/514 520/513/513 700/535/535
f 699/514/514 491/486/486 701/511/511
f 511/504/504 701/511/511 485/688/688
f 511/504/504 485/688/688 484/498/498
f 485/688/688 490/485/485 702/689/689
f 485/688/688 702/689/689 703/690/690
f 485/688/688 703/690/690 484/498/498
f 703/690/690 704/496/496 484/498/498
f 507/503/503 705/691/691 706/692/692
f 507/503/503 706/692/692 707/693/693
f 707/693/693 506/502/502 507/503/503
f 708/694/694 709/538/538 707/693/693
f 708/694/694 711/695/695 712/696/696
f 708/694/694 712/696/696 710/697/697
f 712/696/696 533/526/526 713/698/698
f 713/698/698 714/699/699 563/551/551
f 714/699/699 716/700/700 715/701/701
f 715/701/701 563/551/551 714/699/699
f 715/701/701 562/552/552 563/551/551
f 715/701/701 543/539/539 562/552/552
f 543/539/539 717/702/702 562/552/552
f 717/702/702 564/550/550 562/552/552
f 564/550/550 560/703/703 563/551/551
f 563/551/551 560/703/703 713/698/698
f 564/550/550 717/702/702 560/703/703
f 560/703/703 717/702/702 710/697/697
f 710/697/697 712/696/696 713/698/698
f 710/697/697 713/698/698 560/703/703
f 709/538/538 710/697/697 718/537/537
f 709/538/538 708/694/694 710/697/697
f 709/538/538 506/502/502 707/693/693
f 709/538/538 508/704/704 506/502/502
f 508/704/704 709/538/538 520/513/513
f 508/704/704 520/513/513 519/512/512
f 508/704/704 519/512/512 506/502/502
f 506/502/502 519/512/512 503/497/497
f 503/497/497 519/512/512 499/495/495
f 519/512/512 511/504/504 499/495/495
f 520/513/513 543/539/539 700/535/535
f 700/535/535 543/539/539 542/536/536
f 700/535/535 531/524/524 699/514/514
f 531/524/524 510/522/522 699/514/514
f 542/536/536 715/701/701 716/700/700
f 542/536/536 543/539/539 715/701/701
f 718/537/537 717/702/702 543/539/539
f 718/537/537 710/697/697 717/702/702
f 716/700/700 719/705/705 542/536/536
f 719/705/705 716/700/700 714/699/699
f 719/705/705 531/524/524 542/536/536
f 719/705/705 528/523/523 531/524/524
f 719/705/705 533/526/526 514/507/507
f 719/705/705 514/507/507 528/523/523
f 533/526/526 719/705/705 714/699/699
f 533/526/526 714/699/699 713/698/698
f 712/696/696 711/695/695 532/525/525
f 712/696/696 532/525/525 533/526/526
f 532/525/525 711/695/695 720/706/706
f 532/525/525 720/706/706 512/505/505
f 720/706/706 721/707/707 689/681/681
f 720/706/706 689/681/681 512/505/505
f 721/707/707 722/708/708 690/709/709
f 721/707/707 690/709/709 689/681/681
f 686/678/678 723/710/710 685/676/676
f 723/710/710 686/678/678 724/711/711
f 723/710/710 682/674/674 685/676/676
f 682/674/674 723/710/710 725/712/712
f 725/712/712 726/17/17 296/282/282
f 726/17/17 725/712/712 723/710/710
f 726/17/17 727/713/713 463/714/714
f 463/714/714 727/713/713 728/715/715
f 463/714/714 728/715/715 794/716/716
f 463/714/714 794/716/716 468/466/466
f 463/714/714 468/466/466 467/465/465
f 468/466/466 472/469/469 469/467/467
f 472/469/469 468/466/466 793/717/717
f 472/469/469 483/718/718 473/470/470
f 473/470/470 483/718/718 482/475/475
f 483/718/718 472/469/469 793/717/717
f 483/718/718 793/717/717 497/488/488
f 483/718/718 497/488/488 500/491/491
f 500/491/491 482/475/475 483/718/718
f 500/491/491 497/488/488 496/487/487
f 500/491/491 496/487/487 525/517/517
f 500/491/491 525/517/517 729/719/719
f 500/491/491 729/719/719 501/492/492
f 501/492/492 729/719/719 730/720/720
f 730/720/720 731/721/721 501/492/492
f 731/721/721 730/720/720 738/722/722
f 731/721/721 732/569/569 733/723/723
f 731/721/721 738/722/722 732/569/569
f 732/569/569 734/724/724 581/570/570
f 734/724/724 732/569/569 738/722/722
f 734/724/724 738/722/722 735/725/725
f 583/587/587 736/726/726 592/586/586
f 736/726/726 596/594/594 592/586/586
f 737/727/727 735/725/725 738/722/722
f 736/726/726 591/582/582 597/583/583
f 736/726/726 597/583/583 596/594/594
f 737/727/727 571/560/560 574/563/563
f 739/728/728 740/729/729 572/561/561
f 739/728/728 572/561/561 571/560/560
f 741/730/730 541/534/534 732/569/569
f 741/730/730 732/569/569 580/568/568
f 732/569/569 541/534/534 733/723/723
f 733/723/723 742/731/731 731/721/721
f 742/731/731 501/492/492 731/721/721
f 742/731/731 523/493/493 501/492/492
f 523/493/493 522/516/516 743/732/732
f 523/493/493 743/732/732 502/494/494
f 522/516/516 478/733/733 743/732/732
f 522/516/516 521/515/515 540/533/533
f 478/733/733 522/516/516 529/734/734
f 478/733/733 745/735/735 744/736/736
f 745/735/735 751/737/737 744/736/736
f 745/735/735 478/733/733 529/734/734
f 745/735/735 746/738/738 751/737/737
f 745/735/735 529/734/734 747/739/739
f 745/735/735 747/739/739 746/738/738
f 746/738/738 747/739/739 748/740/740
f 746/738/738 748/740/740 555/741/741
f 555/741/741 750/742/742 746/738/738
f 555/741/741 748/740/740 556/743/743
f 556/743/743 748/740/740 781/744/744
f 556/743/743 550/745/745 555/741/741
f 555/741/741 550/745/745 749/746/746
f 749/746/746 750/742/742 555/741/741
f 749/746/746 757/747/747 750/742/742
f 750/742/742 751/737/737 746/738/738
f 751/737/737 754/748/748 744/736/736
f 744/736/736 754/748/748 752/749/749
f 744/736/736 752/749/749 478/733/733
f 752/749/749 476/474/474 477/476/476
f 752/749/749 477/476/476 478/733/733
f 476/474/474 752/749/749 753/750/750
f 476/474/474 753/750/750 475/473/473
f 475/473/473 753/750/750 460/459/459
f 475/473/473 460/459/459 462/461/461
f 754/748/748 456/751/751 753/750/750
f 751/737/737 767/752/752 754/748/748
f 751/737/737 755/753/753 767/752/752
f 755/753/753 751/737/737 750/742/742
f 755/753/753 757/747/747 756/754/754
f 758/755/755 760/756/756 759/757/757
f 760/756/756 758/755/755 761/758/758
f 760/756/756 762/759/759 759/757/757
f 762/759/759 760/756/756 553/547/547
f 762/759/759 553/547/547 763/760/760
f 762/759/759 763/760/760 764/761/761
f 762/759/759 766/762/762 759/757/757
f 762/759/759 765/763/763 766/762/762
f 767/752/752 755/753/753 756/754/754
f 767/752/752 769/764/764 770/765/765
f 767/752/752 770/765/765 456/751/751
f 767/752/752 456/751/751 754/748/748
f 770/765/765 15/337/337 456/751/751
f 770/765/765 342/338/338 15/337/337
f 15/337/337 343/339/339 771/766/766
f 15/337/337 771/766/766 456/751/751
f 460/459/459 771/766/766 458/340/340
f 458/340/340 771/766/766 343/339/339
f 342/338/338 772/767/767 344/341/341
f 773/768/768 774/769/769 465/462/462
f 773/768/768 465/462/462 775/770/770
f 775/770/770 776/464/464 764/761/761
f 775/770/770 764/761/761 777/771/771
f 777/771/771 764/761/761 763/760/760
f 777/771/771 763/760/760 553/547/547
f 777/771/771 553/547/547 778/772/772
f 778/772/772 553/547/547 557/546/546
f 778/772/772 557/546/546 559/549/549
f 764/761/761 765/763/763 762/759/759
f 765/763/763 768/773/773 766/762/762
f 768/773/773 765/763/763 776/464/464
f 768/773/773 776/464/464 466/463/463
f 779/774/774 770/765/765 769/764/764
f 770/765/765 779/774/774 780/775/775
f 770/765/765 780/775/775 772/767/767
f 770/765/765 772/767/767 342/338/338
f 765/763/763 764/761/761 776/464/464
f 775/770/770 465/462/462 776/464/464
f 760/756/756 761/758/758 551/776/776
f 760/756/756 551/776/776 781/744/744
f 760/756/756 781/744/744 552/544/544
f 760/756/756 552/544/544 553/547/547
f 781/744/744 782/777/777 783/778/778
f 781/744/744 783/778/778 554/545/545
f 781/744/744 554/545/545 552/544/544
f 782/777/777 784/779/779 783/778/778
f 784/779/779 748/740/740 785/780/780
f 785/780/780 747/739/739 530/781/781
f 548/555/555 786/782/782 544/540/540
f 530/781/781 747/739/739 529/734/734
f 786/782/782 787/783/783 544/540/540
f 747/739/739 785/780/780 748/740/740
f 784/779/779 782/777/777 781/744/744
f 784/779/779 781/744/744 748/740/740
f 781/744/744 551/776/776 556/743/743
f 549/784/784 749/746/746 550/745/745
f 549/784/784 788/785/785 749/746/746
f 749/746/746 788/785/785 757/747/747
f 755/753/753 750/742/742 757/747/747
f 752/749/749 754/748/748 753/750/750
f 742/731/731 521/515/515 523/493/493
f 742/731/731 733/723/723 541/534/534
f 742/731/731 541/534/534 521/515/515
f 541/534/534 789/786/786 790/787/787
f 789/786/786 541/534/534 741/730/730
f 534/527/527 538/531/531 791/788/788
f 534/527/527 791/788/788 739/728/728
f 534/527/527 739/728/728 536/529/529
f 739/728/728 792/789/789 536/529/529
f 739/728/728 791/788/788 740/729/729
f 792/789/789 739/728/728 571/560/560
f 792/789/789 571/560/560 730/720/720
f 571/560/560 737/727/727 730/720/720
f 737/727/727 738/722/722 730/720/720
f 792/789/789 730/720/720 729/719/719
f 792/789/789 525/517/517 536/529/529
f 536/529/529 525/517/517 516/510/510
f 525/517/517 792/789/789 729/719/719
f 541/534/534 790/787/787 539/532/532
f 793/717/717 468/466/466 698/687/687
f 468/466/466 794/716/716 487/482/482
f 468/466/466 487/482/482 698/687/687
f 794/716/716 795/790/790 488/483/483
f 795/790/790 794/716/716 796/791/791
f 702/689/689 797/792/792 703/690/690
f 796/791/791 794/716/716 728/715/715
f 797/792/792 704/496/496 703/690/690
f 488/483/483 487/482/482 794/716/716
f 698/687/687 798/489/489 793/717/717
f 798/489/489 497/488/488 793/717/717
f 798/489/489 799/793/793 498/490/490
f 498/490/490 799/793/793 479/479/479
f 498/490/490 479/479/479 481/478/478
f 498/490/490 481/478/478 515/501/501
f 498/490/490 515/501/501 516/510/510
f 498/490/490 516/510/510 524/518/518
f 800/794/794 802/480/480 479/479/479
f 800/794/794 801/795/795 802/480/480
f 802/480/480 505/500/500 480/477/477
f 505/500/500 561/796/796 504/499/499
f 504/499/499 561/796/796 803/797/797
f 803/797/797 515/501/501 504/499/499
f 803/797/797 804/798/798 515/501/501
f 804/798/798 517/508/508 515/501/501
f 517/508/508 527/520/520 518/509/509
f 540/533/533 806/799/799 807/800/800
f 540/533/533 529/734/734 522/516/516
f 540/533/533 807/800/800 530/781/781
f 540/533/533 530/781/781 529/734/734
f 527/520/520 517/508/508 808/801/801
f 527/520/520 808/801/801 809/802/802
f 527/520/520 809/802/802 805/803/803
f 808/801/801 517/508/508 810/804/804
f 808/801/801 810/804/804 811/805/805
f 812/806/806 813/578/578 544/540/540
f 812/806/806 544/540/540 546/542/542
f 813/578/578 565/553/553 548/555/555
f 813/578/578 548/555/555 544/540/540
f 814/807/807 815/808/808 589/579/579
f 814/807/807 589/579/579 813/578/578
f 815/808/808 584/572/572 582/571/571
f 815/808/808 582/571/571 589/579/579
f 577/809/809 816/810/810 810/804/804
f 577/809/809 810/804/804 575/564/564
f 810/804/804 816/810/810 811/805/805
f 810/804/804 817/811/811 576/565/565
f 810/804/804 576/565/565 575/564/564
f 817/811/811 597/583/583 576/565/565
f 597/583/583 817/811/811 628/624/624
f 629/593/593 609/600/600 601/599/599
f 629/593/593 601/599/599 596/594/594
f 609/600/600 627/623/623 622/622/622
f 622/622/622 627/623/623 619/612/612
f 622/622/622 619/612/612 620/615/615
f 619/612/612 627/623/623 624/619/619
f 625/620/620 644/637/637 819/812/812
f 819/812/812 631/621/621 625/620/620
f 634/627/627 632/813/813 631/621/621
f 634/627/627 631/621/621 819/812/812
f 820/814/814 614/605/605 631/621/621
f 820/814/814 631/621/621 632/813/813
f 820/814/814 602/595/595 612/603/603
f 820/814/814 612/603/603 614/605/605
f 612/603/603 602/595/595 604/613/613
f 612/603/603 604/613/613 607/606/606
f 604/613/613 613/604/604 607/606/606
f 820/814/814 632/813/813 633/597/597
f 820/814/814 633/597/597 602/595/595
f 632/813/813 634/627/627 633/597/597
f 644/637/637 634/627/627 819/812/812
f 624/619/619 627/623/623 623/618/618
f 627/623/623 609/600/600 629/593/593
f 629/593/593 597/583/583 628/624/624
f 628/624/624 817/811/811 818/815/815
f 628/624/624 646/639/639 627/623/623
f 646/639/639 821/816/816 647/640/640
f 647/640/640 821/816/816 822/817/817
f 647/640/640 822/817/817 823/818/818
f 823/818/818 648/641/641 647/640/640
f 823/818/818 649/636/636 648/641/641
f 823/818/818 825/819/819 650/642/642
f 823/818/818 650/642/642 649/636/636
f 650/642/642 670/659/659 669/658/658
f 650/642/642 669/658/658 642/634/634
f 669/658/658 668/644/644 651/643/643
f 669/658/658 651/643/643 642/634/634
f 670/659/659 650/642/642 825/819/819
f 825/819/819 833/820/820 670/659/659
f 825/819/819 823/818/818 824/632/632
f 824/632/632 823/818/818 822/817/817
f 822/817/817 638/630/630 824/632/632
f 821/816/816 638/630/630 822/817/817
f 821/816/816 646/639/639 628/624/624
f 821/816/816 628/624/624 818/815/815
f 818/815/815 826/821/821 831/822/822
f 818/815/815 831/822/822 821/816/816
f 826/821/821 818/815/815 817/811/811
f 826/821/821 817/811/811 827/823/823
f 827/823/823 804/798/798 803/797/797
f 827/823/823 817/811/811 810/804/804
f 827/823/823 810/804/804 804/798/798
f 804/798/798 810/804/804 517/508/508
f 827/823/823 803/797/797 828/824/824
f 828/824/824 826/821/821 827/823/823
f 828/824/824 829/825/825 830/826/826
f 828/824/824 830/826/826 831/822/822
f 828/824/824 831/822/822 826/821/821
f 831/822/822 638/630/630 821/816/816
f 640/631/631 832/827/827 825/819/819
f 640/631/631 825/819/819 824/632/632
f 833/820/820 832/827/827 672/661/661
f 833/820/820 825/819/819 832/827/827
f 832/827/827 674/663/663 672/661/661
f 832/827/827 640/631/631 834/828/828
f 832/827/827 834/828/828 674/663/663
f 834/828/828 640/631/631 639/829/829
f 640/631/631 638/630/630 639/829/829
f 639/829/829 638/630/630 835/830/830
f 639/829/829 835/830/830 836/831/831
f 835/830/830 638/630/630 837/832/832
f 837/832/832 638/630/630 831/822/822
f 837/832/832 831/822/822 830/826/826
f 830/826/826 829/825/825 839/833/833
f 830/826/826 839/833/833 837/832/832
f 828/824/824 561/796/796 829/825/825
f 561/796/796 828/824/824 803/797/797
f 561/796/796 505/500/500 838/834/834
f 561/796/796 838/834/834 829/825/825
f 838/834/834 839/833/833 829/825/825
f 837/832/832 836/831/831 835/830/830
f 836/831/831 840/835/835 639/829/829
f 639/829/829 840/835/835 834/828/828
f 840/835/835 674/663/663 834/828/828
f 674/663/663 840/835/835 676/665/665
f 676/665/665 840/835/835 841/667/667
f 840/835/835 842/836/836 841/667/667
f 842/836/836 840/835/835 836/831/831
f 842/836/836 836/831/831 843/837/837
f 843/837/837 837/832/832 839/833/833
f 843/837/837 844/838/838 849/839/839
f 843/837/837 845/840/840 844/838/838
f 843/837/837 839/833/833 845/840/840
f 845/840/840 505/500/500 846/841/841
f 845/840/840 838/834/834 505/500/500
f 846/841/841 847/842/842 844/838/838
f 846/841/841 844/838/838 845/840/840
f 847/842/842 846/841/841 848/843/843
f 844/838/838 847/842/842 680/670/670
f 844/838/838 680/670/670 849/839/839
f 849/839/839 842/836/836 843/837/837
f 841/667/667 842/836/836 678/668/668
f 842/836/836 679/669/669 678/668/668
f 842/836/836 680/670/670 679/669/669
f 842/836/836 849/839/839 680/670/670
f 680/670/670 847/842/842 250/418/418
f 847/842/842 848/843/843 250/418/418
f 848/843/843 846/841/841 802/480/480
f 848/843/843 802/480/480 851/844/844
f 802/480/480 846/841/841 505/500/500
f 851/844/844 802/480/480 801/795/795
f 851/844/844 801/795/795 852/671/671
f 851/844/844 852/671/671 850/845/845
f 850/845/845 848/843/843 851/844/844
f 850/845/845 251/239/239 250/418/418
f 850/845/845 250/418/418 848/843/843
f 850/845/845 852/671/671 251/239/239
f 853/846/846 852/671/671 801/795/795
f 801/795/795 800/794/794 853/846/846
f 853/846/846 684/675/675 683/673/673
f 853/846/846 800/794/794 684/675/675
f 800/794/794 687/847/847 684/675/675
f 687/847/847 685/676/676 684/675/675
f 687/847/847 854/679/679 685/676/676
f 854/679/679 695/848/848 688/677/677
f 854/679/679 694/684/684 695/848/848
f 694/684/684 854/679/679 799/793/793
f 799/793/793 798/489/489 696/685/685
f 799/793/793 696/685/685 694/684/684
f 799/793/793 854/679/679 479/479/479
f 854/679/679 687/847/847 800/794/794
f 854/679/679 800/794/794 479/479/479
f 853/846/846 681/672/672 852/671/671
f 845/840/840 839/833/833 838/834/834
f 843/837/837 836/831/831 837/832/832
f 833/820/820 672/661/661 670/659/659
f 798/489/489 698/687/687 696/685/685
f 797/792/792 507/503/503 704/496/496
f 726/17/17 723/710/710 724/711/711
f 726/17/17 724/711/711 727/713/713
f 706/692/692 705/691/691 722/708/708
f 706/692/692 722/708/708 721/707/707
f 706/692/692 721/707/707 707/693/693
f 721/707/707 708/694/694 707/693/693
f 721/707/707 720/706/706 708/694/694
f 720/706/706 711/695/695 708/694/694
f 490/485/485 485/688/688 701/511/511
f 490/485/485 701/511/511 491/486/486
f 653/646/646 855/849/849 656/648/648
f 653/646/646 656/648/648 635/626/626
f 635/626/626 656/648/648 654/647/647
f 656/648/648 855/849/849 856/850/850
f 656/648/648 856/850/850 657/649/649
f 657/649/649 857/851/851 858/608/608
f 858/608/608 659/607/607 598/588/588
f 858/608/608 598/588/588 657/649/649
f 659/607/607 599/591/591 598/588/588
f 858/608/608 857/851/851 615/609/609
f 857/851/851 662/653/653 615/609/609
f 662/653/653 856/850/850 663/852/852
f 662/653/653 857/851/851 856/850/850
f 856/850/850 855/849/849 664/654/654
f 856/850/850 664/654/654 663/852/852
f 855/849/849 653/646/646 664/654/654
f 857/851/851 657/649/649 856/850/850
f 633/597/597 606/589/589 605/581/581
f 631/621/621 614/605/605 623/618/618
f 614/605/605 617/610/610 623/618/618
f 622/622/622 610/601/601 609/600/600
f 626/617/617 620/615/615 616/614/614
f 618/611/611 608/598/598 616/614/614
f 608/598/598 611/602/602 616/614/614
f 608/598/598 618/611/611 601/599/599
f 618/611/611 604/613/613 601/599/599
f 604/613/613 603/596/596 592/586/586
f 604/613/613 592/586/586 601/599/599
f 603/596/596 589/579/579 592/586/586
f 589/579/579 582/571/571 592/586/586
f 603/596/596 590/580/580 589/579/579
f 603/596/596 604/613/613 602/595/595
f 605/581/581 593/584/584 569/558/558
f 592/586/586 596/594/594 601/599/599
f 595/574/574 594/585/585 593/584/584
f 595/574/574 588/577/577 594/585/585
f 594/585/585 588/577/577 567/556/556
f 594/585/585 567/556/556 569/558/558
f 567/556/556 588/577/577 859/853/853
f 567/556/556 859/853/853 568/557/557
f 588/577/577 860/854/854 859/853/853
f 860/854/854 861/855/855 862/856/856
f 860/854/854 863/857/857 859/853/853
f 864/858/858 558/548/548 557/546/546
f 864/858/858 557/546/546 865/859/859
f 861/855/855 860/854/854 588/577/577
f 861/855/855 588/577/577 587/576/576
f 569/558/558 565/553/553 605/581/581
f 865/859/859 557/546/546 554/545/545
f 527/520/520 535/528/528 526/519/519
f 516/510/510 518/509/509 526/519/519
f 496/487/487 498/490/490 524/518/518
f 495/860/860 867/861/861 494/862/862
f 494/862/862 868/863/863 869/864/864
f 494/862/862 869/864/864 870/865/865
f 870/865/865 470/866/866 474/471/471
f 870/865/865 871/867/867 872/868/868
f 870/865/865 872/868/868 470/866/866
f 470/866/866 4/5/5 455/456/456
f 461/460/460 458/340/340 457/457/457
f 462/461/461 873/869/869 874/870/870
f 462/461/461 874/870/870 469/467/467
f 462/461/461 469/467/467 471/468/468
f 462/461/461 471/468/468 475/473/473
f 874/870/870 467/465/465 469/467/467
f 874/870/870 873/869/869 875/871/871
f 874/870/870 875/871/871 876/872/872
f 467/465/465 874/870/870 459/458/458
f 467/465/465 459/458/458 726/17/17
f 467/465/465 726/17/17 463/714/714
f 459/458/458 874/870/870 876/872/872
f 446/446/446 877/873/873 878/874/874
f 446/446/446 878/874/874 449/448/448
f 449/448/448 878/874/874 464/875/875
f 449/448/448 464/875/875 46/44/44
f 464/875/875 867/861/861 46/44/44
f 867/861/861 464/875/875 868/863/863
f 868/863/863 879/876/876 869/864/864
f 869/864/864 879/876/876 871/867/867
f 871/867/867 870/865/865 869/864/864
f 871/867/867 879/876/876 880/877/877
f 879/876/876 878/874/874 881/878/878
f 879/876/876 881/878/878 880/877/877
f 881/878/878 878/874/874 877/873/873
f 878/874/874 868/863/863 464/875/875
f 878/874/874 879/876/876 868/863/863
f 867/861/861 868/863/863 494/862/862
f 867/861/861 493/879/879 492/880/880
f 867/861/861 492/880/880 46/44/44
f 492/880/880 6/472/472 46/44/44
f 492/880/880 3/454/454 6/472/472
f 492/880/880 493/879/879 5/4/4
f 492/880/880 5/4/4 31/1/1
f 492/880/880 31/1/1 3/454/454
f 493/879/879 474/471/471 5/4/4
f 493/879/879 495/860/860 474/471/471
f 493/879/879 867/861/861 495/860/860
f 474/471/471 495/860/860 494/862/862
f 474/471/471 494/862/862 870/865/865
f 474/471/471 470/866/866 455/456/456
f 31/1/1 5/4/4 2/2/2
f 460/459/459 753/750/750 456/751/751
f 460/459/459 456/751/751 771/766/766
f 621/616/616 610/601/601 622/622/622
f 254/241/241 682/674/674 725/712/712
f 254/241/241 725/712/712 296/282/282
f 254/241/241 681/672/672 682/674/674
f 578/566/566 866/881/881 577/809/809
f 578/566/566 577/809/809 575/564/564
f 681/672/672 853/846/846 683/673/673
f 477/476/476 482/475/475 502/494/494
f 477/476/476 502/494/494 478/733/733
f 502/494/494 743/732/732 478/733/733
f 882/882/882 883/883/883 893/884/884
f 884/885/885 885/886/886 886/887/887
f 887/888/888 888/889/889 889/890/890
f 887/888/888 889/890/890 890/891/891
f 891/892/892 890/891/891 889/890/890
f 891/892/892 889/890/890 892/893/893
f 893/884/884 894/894/894 895/895/895
f 891/892/892 7/6/6 890/891/891
f 893/884/884 896/896/896 894/894/894
f 887/888/888 897/897/897 883/883/883
f 885/886/886 898/898/898 904/899/899
f 885/886/886 904/899/899 886/887/887
f 915/900/900 905/901/901 899/902/902
f 906/903/903 907/904/904 908/905/905
f 945/906/906 909/907/907 910/908/908
f 945/906/906 910/908/908 911/909/909
f 912/910/910 899/902/902 905/901/901
f 886/887/887 8/7/7 7/6/6
f 883/883/883 897/897/897 917/911/911
f 886/887/887 7/6/6 891/892/892
f 886/887/887 891/892/892 892/893/893
f 886/887/887 892/893/893 918/912/912
f 920/913/913 919/914/914 893/884/884
f 920/913/913 893/884/884 895/895/895
f 886/887/887 918/912/912 884/885/885
f 886/887/887 904/899/899 8/7/7
f 914/915/915 907/904/904 906/903/903
f 924/916/916 925/917/917 915/900/900
f 924/916/916 915/900/900 899/902/902
f 925/917/917 926/918/918 915/900/900
f 927/919/919 924/916/916 899/902/902
f 927/919/919 899/902/902 913/920/920
f 928/921/921 929/922/922 930/923/923
f 931/924/924 932/925/925 898/898/898
f 933/926/926 931/924/924 898/898/898
f 933/926/926 898/898/898 885/886/886
f 934/927/927 933/926/926 885/886/886
f 883/883/883 888/889/889 887/888/888
f 884/885/885 934/927/927 885/886/886
f 903/928/928 936/929/929 916/930/930
f 8/7/7 912/910/910 937/931/931
f 8/7/7 937/931/931 9/8/8
f 902/932/932 935/933/933 936/929/929
f 902/932/932 936/929/929 903/928/928
f 901/934/934 938/935/935 900/936/936
f 8/7/7 904/899/899 912/910/910
f 939/937/937 911/909/909 910/908/908
f 939/937/937 910/908/908 940/938/938
f 928/921/921 930/923/923 941/939/939
f 942/940/940 911/909/909 939/937/937
f 943/941/941 928/921/921 941/939/939
f 943/941/941 941/939/939 944/942/942
f 942/940/940 945/906/906 911/909/909
f 905/901/901 945/906/906 942/940/940
f 946/943/943 947/944/944 948/945/945
f 912/910/910 905/901/901 942/940/940
f 912/910/910 942/940/940 949/946/946
f 902/932/932 968/947/947 935/933/933
f 945/906/906 926/918/918 909/907/907
f 948/945/945 947/944/944 928/921/921
f 948/945/945 928/921/921 943/941/941
f 947/944/944 951/948/948 929/922/922
f 947/944/944 929/922/922 928/921/921
f 952/949/949 949/946/946 942/940/940
f 953/950/950 954/951/951 955/952/952
f 960/953/953 946/943/943 948/945/945
f 943/941/941 944/942/942 956/954/954
f 952/949/949 942/940/940 939/937/937
f 957/955/955 939/937/937 940/938/938
f 957/955/955 940/938/938 958/956/956
f 932/925/925 927/919/919 913/920/920
f 932/925/925 913/920/920 898/898/898
f 904/899/899 913/920/920 899/902/902
f 959/957/957 914/915/915 906/903/903
f 959/957/957 906/903/903 938/935/935
f 898/898/898 913/920/920 904/899/899
f 904/899/899 899/902/902 912/910/910
f 960/953/953 914/915/915 946/943/943
f 915/900/900 926/918/918 945/906/906
f 914/915/915 936/929/929 950/958/958
f 914/915/915 950/958/958 946/943/943
f 905/901/901 915/900/900 945/906/906
f 893/884/884 923/959/959 896/896/896
f 893/884/884 919/914/914 882/882/882
f 921/960/960 938/935/935 901/934/934
f 921/960/960 922/961/961 959/957/957
f 921/960/960 959/957/957 938/935/935
f 916/930/930 936/929/929 922/961/961
f 883/883/883 882/882/882 888/889/889
f 916/930/930 922/961/961 921/960/960
f 962/962/962 965/963/963 966/964/964
f 9/8/8 937/931/931 967/965/965
f 9/8/8 967/965/965 968/947/947
f 9/8/8 968/947/947 902/932/932
f 950/958/958 970/966/966 955/952/952
f 965/963/963 963/967/967 964/968/968
f 971/969/969 963/967/967 965/963/963
f 962/962/962 971/969/969 965/963/963
f 972/970/970 897/897/897 887/888/888
f 890/891/891 972/970/970 887/888/888
f 973/971/971 961/972/972 962/962/962
f 973/971/971 962/962/962 966/964/964
f 946/943/943 950/958/958 947/944/944
f 953/950/950 955/952/952 967/965/965
f 953/950/950 967/965/965 937/931/931
f 962/962/962 954/951/951 971/969/969
f 953/950/950 912/910/910 949/946/946
f 953/950/950 963/967/967 971/969/969
f 955/952/952 970/966/966 968/947/947
f 955/952/952 968/947/947 967/965/965
f 970/966/966 950/958/958 968/947/947
f 937/931/931 912/910/910 953/950/950
f 950/958/958 936/929/929 935/933/933
f 950/958/958 935/933/933 968/947/947
f 963/967/967 953/950/950 949/946/946
f 951/948/948 947/944/944 961/972/972
f 951/948/948 961/972/972 974/973/973
f 949/946/946 952/949/949 969/974/974
f 950/958/958 955/952/952 954/951/951
f 950/958/958 954/951/951 961/972/972
f 947/944/944 950/958/958 961/972/972
f 971/969/969 954/951/951 953/950/950
f 974/973/973 961/972/972 973/971/971
f 949/946/946 969/974/974 964/968/968
f 961/972/972 954/951/951 962/962/962
f 949/946/946 964/968/968 963/967/967
f 890/891/891 7/6/6 972/970/970
f 883/883/883 917/911/911 923/959/959
f 883/883/883 923/959/959 893/884/884
f 922/961/961 936/929/929 959/957/957
f 936/929/929 914/915/915 959/957/957
f 914/915/915 960/953/953 907/904/904
f 7/6/6 9/8/8 902/932/932
f 7/6/6 902/932/932 972/970/970
f 917/911/911 916/930/930 923/959/959
f 897/897/897 902/932/932 903/928/928
f 897/897/897 903/928/928 916/930/930
f 897/897/897 916/930/930 917/911/911
f 923/959/959 921/960/960 901/934/934
f 923/959/959 901/934/934 900/936/936
f 923/959/959 900/936/936 896/896/896
f 923/959/959 916/930/930 921/960/960
f 972/970/970 902/932/932 897/897/897
f 884/885/885 975/975/975 976/976/976
f 977/977/977 978/978/978 889/890/890
f 977/977/977 889/890/890 888/889/889
f 892/893/893 889/890/890 978/978/978
f 979/979/979 980/980/980 981/981/981
f 892/893/893 978/978/978 10/9/9
f 979/979/979 981/981/981 983/982/982
f 977/977/977 982/983/983 984/984/984
f 976/976/976 975/975/975 985/985/985
f 976/976/976 985/985/985 986/986/986
f 1003/987/987 987/988/988 992/989/989
f 993/990/990 994/991/991 995/992/992
f 996/993/993 997/994/994 998/995/995
f 996/993/993 998/995/995 999/996/996
f 1000/997/997 992/989/989 987/988/988
f 975/975/975 10/9/9 12/11/11
f 982/983/983 1005/998/998 984/984/984
f 975/975/975 892/893/893 10/9/9
f 982/983/983 882/882/882 1005/998/998
f 975/975/975 918/912/912 892/893/893
f 920/913/913 980/980/980 979/979/979
f 920/913/913 979/979/979 919/914/914
f 975/975/975 884/885/885 918/912/912
f 975/975/975 12/11/11 985/985/985
f 1002/999/999 993/990/990 995/992/992
f 1009/1000/1000 987/988/988 1003/987/987
f 1009/1000/1000 1003/987/987 1010/1001/1001
f 1010/1001/1001 1003/987/987 1011/1002/1002
f 1012/1003/1003 1001/1004/1004 987/988/988
f 1012/1003/1003 987/988/988 1009/1000/1000
f 1013/1005/1005 1014/1006/1006 1015/1007/1007
f 1013/1005/1005 1015/1007/1007 1016/1008/1008
f 1017/1009/1009 986/986/986 1018/1010/1010
f 1019/1011/1011 976/976/976 986/986/986
f 1019/1011/1011 986/986/986 1017/1009/1009
f 1020/1012/1012 976/976/976 1019/1011/1011
f 982/983/983 977/977/977 888/889/889
f 884/885/885 976/976/976 1020/1012/1012
f 991/1013/1013 1004/1014/1014 1022/1015/1015
f 12/11/11 11/10/10 1023/1016/1016
f 12/11/11 1023/1016/1016 1000/997/997
f 990/1017/1017 991/1013/1013 1022/1015/1015
f 990/1017/1017 1022/1015/1015 1021/1018/1018
f 989/1019/1019 988/1020/1020 1024/1021/1021
f 12/11/11 1000/997/997 985/985/985
f 1025/1022/1022 1026/1023/1023 998/995/995
f 1025/1022/1022 998/995/995 997/994/994
f 1013/1005/1005 1027/1024/1024 1014/1006/1006
f 1028/1025/1025 1025/1022/1022 997/994/994
f 1029/1026/1026 1030/1027/1027 1027/1024/1024
f 1029/1026/1026 1027/1024/1024 1013/1005/1005
f 1028/1025/1025 997/994/994 996/993/993
f 992/989/989 1028/1025/1025 996/993/993
f 1031/1028/1028 1032/1029/1029 1033/1030/1030
f 1000/997/997 1034/1031/1031 1028/1025/1025
f 1000/997/997 1028/1025/1025 992/989/989
f 990/1017/1017 1021/1018/1018 1036/1032/1032
f 996/993/993 999/996/996 1011/1002/1002
f 1032/1029/1029 1029/1026/1026 1013/1005/1005
f 1032/1029/1029 1013/1005/1005 1033/1030/1030
f 1033/1030/1030 1013/1005/1005 1016/1008/1008
f 1033/1030/1030 1016/1008/1008 1037/1033/1033
f 1038/1034/1034 1028/1025/1025 1034/1031/1031
f 1039/1035/1035 1040/1036/1036 1041/1037/1037
f 1046/1038/1038 1032/1029/1029 1031/1028/1028
f 1029/1026/1026 1042/1039/1039 1030/1027/1027
f 1038/1034/1034 1025/1022/1022 1028/1025/1025
f 1043/1040/1040 1044/1041/1041 1026/1023/1023
f 1043/1040/1040 1026/1023/1023 1025/1022/1022
f 1018/1010/1010 986/986/986 1001/1004/1004
f 1018/1010/1010 1001/1004/1004 1012/1003/1003
f 985/985/985 987/988/988 1001/1004/1004
f 1045/1042/1042 1024/1021/1021 993/990/990
f 1045/1042/1042 993/990/990 1002/999/999
f 986/986/986 985/985/985 1001/1004/1004
f 985/985/985 1000/997/997 987/988/988
f 1046/1038/1038 1031/1028/1028 1002/999/999
f 1003/987/987 996/993/993 1011/1002/1002
f 1002/999/999 1031/1028/1028 1035/1043/1043
f 1002/999/999 1035/1043/1043 1022/1015/1015
f 992/989/989 996/993/993 1003/987/987
f 979/979/979 983/982/982 1008/1044/1044
f 979/979/979 882/882/882 919/914/914
f 1006/1045/1045 989/1019/1019 1024/1021/1021
f 1006/1045/1045 1024/1021/1021 1045/1042/1042
f 1006/1045/1045 1045/1042/1042 1007/1046/1046
f 1004/1014/1014 1007/1046/1046 1022/1015/1015
f 882/882/882 982/983/983 888/889/889
f 1004/1014/1014 1006/1045/1045 1007/1046/1046
f 1048/1047/1047 1051/1048/1048 1052/1049/1049
f 11/10/10 1053/1050/1050 1023/1016/1016
f 11/10/10 990/1017/1017 1036/1032/1032
f 11/10/10 1036/1032/1032 1053/1050/1050
f 1035/1043/1043 1040/1036/1036 1055/1051/1051
f 1052/1049/1049 1050/1052/1052 1049/1053/1053
f 1056/1054/1054 1052/1049/1049 1049/1053/1053
f 1048/1047/1047 1052/1049/1049 1056/1054/1054
f 1057/1055/1055 977/977/977 984/984/984
f 978/978/978 977/977/977 1057/1055/1055
f 1058/1056/1056 1051/1048/1048 1048/1047/1047
f 1058/1056/1056 1048/1047/1047 1047/1057/1057
f 1031/1028/1028 1033/1030/1030 1035/1043/1043
f 1039/1035/1035 1023/1016/1016 1053/1050/1050
f 1039/1035/1035 1053/1050/1050 1040/1036/1036
f 1048/1047/1047 1056/1054/1054 1041/1037/1037
f 1039/1035/1035 1034/1031/1031 1000/997/997
f 1039/1035/1035 1056/1054/1054 1049/1053/1053
f 1040/1036/1036 1053/1050/1050 1036/1032/1032
f 1040/1036/1036 1036/1032/1032 1055/1051/1051
f 1055/1051/1051 1036/1032/1032 1035/1043/1043
f 1023/1016/1016 1039/1035/1035 1000/997/997
f 1035/1043/1043 1036/1032/1032 1021/1018/1018
f 1035/1043/1043 1021/1018/1018 1022/1015/1015
f 1049/1053/1053 1034/1031/1031 1039/1035/1035
f 1037/1033/1033 1059/1058/1058 1047/1057/1057
f 1037/1033/1033 1047/1057/1057 1033/1030/1030
f 1034/1031/1031 1054/1059/1059 1038/1034/1034
f 1035/1043/1043 1047/1057/1057 1041/1037/1037
f 1035/1043/1043 1041/1037/1037 1040/1036/1036
f 1033/1030/1030 1047/1057/1057 1035/1043/1043
f 1056/1054/1054 1039/1035/1035 1041/1037/1037
f 1059/1058/1058 1058/1056/1056 1047/1057/1057
f 1034/1031/1031 1050/1052/1052 1054/1059/1059
f 1047/1057/1057 1048/1047/1047 1041/1037/1037
f 1034/1031/1031 1049/1053/1053 1050/1052/1052
f 978/978/978 1057/1055/1055 10/9/9
f 882/882/882 979/979/979 1008/1044/1044
f 882/882/882 1008/1044/1044 1005/998/998
f 1007/1046/1046 1045/1042/1042 1022/1015/1015
f 1022/1015/1015 1045/1042/1042 1002/999/999
f 1002/999/999 995/992/992 1046/1038/1038
f 10/9/9 1057/1055/1055 990/1017/1017
f 10/9/9 990/1017/1017 11/10/10
f 1005/998/998 1008/1044/1044 1004/1014/1014
f 984/984/984 991/1013/1013 990/1017/1017
f 984/984/984 1005/998/998 1004/1014/1014
f 984/984/984 1004/1014/1014 991/1013/1013
f 1008/1044/1044 989/1019/1019 1006/1045/1045
f 1008/1044/1044 983/982/982 988/1020/1020
f 1008/1044/1044 988/1020/1020 989/1019/1019
f 1008/1044/1044 1006/1045/1045 1004/1014/1014
f 1057/1055/1055 984/984/984 990/1017/1017
f 1070/1060/1060 1060/1061/1061 1061/1062/1062
f 1062/1063/1063 1063/1064/1064 1064/1065/1065
f 1065/1066/1066 1066/1067/1067 1067/1068/1068
f 1067/1068/1068 1068/1069/1069 1070/1060/1060
f 1069/1070/1070 1067/1068/1068 1070/1060/1060
f 1067/1068/1068 1066/1067/1067 1068/1069/1069
f 1071/1071/1071 1072/1072/1072 1063/1064/1064
f 1071/1071/1071 1063/1064/1064 1062/1063/1063
f 1073/1073/1073 1074/1074/1074 1065/1066/1066
f 1071/1071/1071 1062/1063/1063 1067/1068/1068
f 1071/1071/1071 1067/1068/1068 1069/1070/1070
f 1062/1063/1063 1064/1065/1065 1065/1066/1066
f 1062/1063/1063 1065/1066/1066 1067/1068/1068
f 1074/1074/1074 1066/1067/1067 1065/1066/1066
f 1070/1060/1060 1068/1069/1069 1060/1061/1061
f 1084/1075/1075 1075/1076/1076 1076/1077/1077
f 1083/1078/1078 1081/1079/1079 1084/1075/1075
f 1082/1080/1080 1079/1081/1081 1083/1078/1078
f 1084/1075/1075 1082/1080/1080 1083/1078/1078
f 1079/1081/1081 1080/1082/1082 1081/1079/1079
f 1079/1081/1081 1081/1079/1079 1083/1078/1078
f 1085/1083/1083 1086/1084/1084 1078/1085/1085
f 1085/1083/1083 1078/1085/1085 1077/1086/1086
f 1085/1083/1083 1077/1086/1086 1082/1080/1080
f 1085/1083/1083 1082/1080/1080 1084/1075/1075
f 1087/1087/1087 1080/1082/1082 1079/1081/1081
f 1084/1075/1075 1081/1079/1079 1075/1076/1076
f 1094/1088/1088 1089/1089/1089 1088/1090/1090
f 1092/1091/1091 1093/1092/1092 1094/1088/1088
f 1098/1093/1093 1099/1094/1094 1091/1095/1095
f 1098/1093/1093 1091/1095/1095 1090/1096/1096
f 1098/1093/1093 1090/1096/1096 1095/1097/1097
f 1092/1091/1091 1094/1088/1088 1095/1097/1097
f 1095/1097/1097 1094/1088/1088 1088/1090/1090
f 1100/1098/1098 1101/1099/1099 1093/1092/1092
f 1100/1098/1098 1093/1092/1092 1092/1091/1091
f 1100/1098/1098 1092/1091/1091 1096/1100/1100
f 1095/1097/1097 1090/1096/1096 1096/1100/1100
f 1095/1097/1097 1088/1090/1090 1097/1101/1101
f 1096/1100/1100 1092/1091/1091 1095/1097/1097
f 1097/1101/1101 1098/1093/1093 1095/1097/1097
f 1102/1102/1102 1111/1103/1103 1103/1104/1104
f 1102/1102/1102 1103/1104/1104 1104/1105/1105
f 1105/1106/1106 1106/1107/1107 1107/1108/1108
f 1110/1109/1109 1111/1103/1103 1102/1102/1102
f 1112/1110/1110 1108/1111/1111 1110/1109/1109
f 1113/1112/1112 1112/1110/1110 1110/1109/1109
f 1108/1111/1111 1109/1113/1113 1111/1103/1103
f 1108/1111/1111 1111/1103/1103 1110/1109/1109
f 1114/1114/1114 1115/1115/1115 1106/1107/1107
f 1114/1114/1114 1106/1107/1107 1105/1106/1106
f 1113/1112/1112 1114/1114/1114 1105/1106/1106
f 1116/1116/1116 1117/1117/1117 1108/1111/1111
f 1117/1117/1117 1109/1113/1113 1108/1111/1111
f 1113/1112/1112 1102/1102/1102 1104/1105/1105
f 1112/1110/1110 1113/1112/1112 1105/1106/1106
f 1110/1109/1109 1102/1102/1102 1113/1112/1112
f 1128/1118/1118 1118/1119/1119 1119/1120/1120
f 1128/1118/1118 1119/1120/1120 1120/1121/1121
f 1121/1122/1122 1122/1123/1123 1123/1124/1124
f 1121/1122/1122 1123/1124/1124 1124/1125/1125
f 1126/1126/1126 1125/1127/1127 1118/1119/1119
f 1126/1126/1126 1118/1119/1119 1128/1118/1118
f 1127/1128/1128 1125/1127/1127 1126/1126/1126
f 1129/1129/1129 1122/1123/1123 1121/1122/1122
f 1129/1129/1129 1121/1122/1122 1126/1126/1126
f 1129/1129/1129 1126/1126/1126 1128/1118/1118
f 1121/1122/1122 1124/1125/1125 1127/1128/1128
f 1121/1122/1122 1127/1128/1128 1126/1126/1126
f 1130/1130/1130 1131/1131/1131 1125/1127/1127
f 1130/1130/1130 1125/1127/1127 1127/1128/1128
f 1142/1132/1132 1132/1133/1133 1133/1134/1134
f 1134/1135/1135 1135/1136/1136 1136/1137/1137
f 1134/1135/1135 1136/1137/1137 1137/1138/1138
f 1141/1139/1139 1139/1140/1140 1142/1132/1132
f 1134/1135/1135 1140/1141/1141 1141/1139/1139
f 1142/1132/1132 1134/1135/1135 1141/1139/1139
f 1138/1142/1142 1139/1140/1140 1141/1139/1139
f 1143/1143/1143 1135/1136/1136 1134/1135/1135
f 1140/1141/1141 1138/1142/1142 1141/1139/1139
f 1144/1144/1144 1145/1145/1145 1140/1141/1141
f 1143/1143/1143 1134/1135/1135 1142/1132/1132
f 1145/1145/1145 1146/1146/1146 1138/1142/1142
f 1145/1145/1145 1138/1142/1142 1140/1141/1141
f 1142/1132/1132 1139/1140/1140 1132/1133/1133
f 1142/1132/1132 1133/1134/1134 1147/1147/1147
f 1148/1148/1148 1149/1149/1149 1150/1150/1150
f 1151/1151/1151 1152/1152/1152 1153/1153/1153
f 1151/1151/1151 1153/1153/1153 1154/1154/1154
f 1160/1155/1155 1157/1156/1156 1148/1148/1148
f 1158/1157/1157 1159/1158/1158 1160/1155/1155
f 1155/1159/1159 1156/1160/1160 1157/1156/1156
f 1155/1159/1159 1157/1156/1156 1160/1155/1155
f 1161/1161/1161 1152/1152/1152 1151/1151/1151
f 1161/1161/1161 1151/1151/1151 1158/1157/1157
f 1151/1151/1151 1154/1154/1154 1159/1158/1158
f 1151/1151/1151 1159/1158/1158 1158/1157/1157
f 1162/1162/1162 1163/1163/1163 1156/1160/1160
f 1162/1162/1162 1156/1160/1160 1155/1159/1159
f 1148/1148/1148 1157/1156/1156 1149/1149/1149
f 1164/1164/1164 1162/1162/1162 1155/1159/1159
f 1164/1164/1164 1155/1159/1159 1159/1158/1158
f 1158/1157/1157 1148/1148/1148 1150/1150/1150
f 1160/1155/1155 1148/1148/1148 1158/1157/1157
f 1159/1158/1158 1155/1159/1159 1160/1155/1155
f 1165/1165/1165 1166/1166/1166 1167/1167/1167
f 1168/1168/1168 1169/1169/1169 1170/1170/1170
f 1175/1171/1171 1173/1172/1172 1165/1165/1165
f 1174/1173/1173 1171/1174/1174 1175/1171/1171
f 1176/1175/1175 1174/1173/1173 1175/1171/1171
f 1171/1174/1174 1172/1176/1176 1173/1172/1172
f 1171/1174/1174 1173/1172/1172 1175/1171/1171
f 1177/1177/1177 1170/1170/1170 1174/1173/1173
f 1177/1177/1177 1174/1173/1173 1176/1175/1175
f 1178/1178/1178 1179/1179/1179 1172/1176/1176
f 1178/1178/1178 1172/1176/1176 1171/1174/1174
f 1175/1171/1171 1165/1165/1165 1167/1167/1167
f 1177/1177/1177 1168/1168/1168 1170/1170/1170
f 1190/1180/1180 1180/1181/1181 1181/1182/1182
f 1182/1183/1183 1183/1184/1184 1184/1185/1185
f 1185/1186/1186 1186/1187/1187 1187/1188/1188
f 1186/1187/1187 1190/1180/1180 1188/1189/1189
f 1189/1190/1190 1190/1180/1180 1186/1187/1187
f 1186/1187/1187 1188/1189/1189 1187/1188/1188
f 1191/1191/1191 1182/1183/1183 1184/1185/1185
f 1191/1191/1191 1184/1185/1185 1192/1192/1192
f 1193/1193/1193 1185/1186/1186 1194/1194/1194
f 1191/1191/1191 1189/1190/1190 1186/1187/1187
f 1191/1191/1191 1186/1187/1187 1182/1183/1183
f 1182/1183/1183 1186/1187/1187 1185/1186/1186
f 1182/1183/1183 1185/1186/1186 1183/1184/1184
f 1194/1194/1194 1185/1186/1186 1187/1188/1188
f 1190/1180/1180 1181/1182/1182 1188/1189/1189
f 1204/1195/1195 1195/1196/1196 1196/1197/1197
f 1203/1198/1198 1204/1195/1195 1201/1199/1199
f 1202/1200/1200 1203/1198/1198 1199/1201/1201
f 1204/1195/1195 1203/1198/1198 1202/1200/1200
f 1199/1201/1201 1203/1198/1198 1201/1199/1199
f 1199/1201/1201 1201/1199/1199 1200/1202/1202
f 1205/1203/1203 1197/1204/1204 1198/1205/1205
f 1205/1203/1203 1198/1205/1205 1206/1206/1206
f 1205/1203/1203 1202/1200/1200 1197/1204/1204
f 1205/1203/1203 1204/1195/1195 1202/1200/1200
f 1207/1207/1207 1199/1201/1201 1200/1202/1202
f 1204/1195/1195 1196/1197/1197 1201/1199/1199
f 1214/1208/1208 1208/1209/1209 1209/1210/1210
f 1212/1211/1211 1214/1208/1208 1213/1212/1212
f 1218/1213/1213 1210/1214/1214 1211/1215/1215
f 1218/1213/1213 1211/1215/1215 1219/1216/1216
f 1218/1213/1213 1215/1217/1217 1210/1214/1214
f 1212/1211/1211 1215/1217/1217 1214/1208/1208
f 1215/1217/1217 1208/1209/1209 1214/1208/1208
f 1220/1218/1218 1212/1211/1211 1213/1212/1212
f 1220/1218/1218 1213/1212/1212 1221/1219/1219
f 1220/1218/1218 1216/1220/1220 1212/1211/1211
f 1215/1217/1217 1216/1220/1220 1210/1214/1214
f 1215/1217/1217 1217/1221/1221 1208/1209/1209
f 1216/1220/1220 1215/1217/1217 1212/1211/1211
f 1217/1221/1221 1215/1217/1217 1218/1213/1213
f 1222/1222/1222 1223/1223/1223 1224/1224/1224
f 1222/1222/1222 1224/1224/1224 1225/1225/1225
f 1226/1226/1226 1227/1227/1227 1228/1228/1228
f 1231/1229/1229 1222/1222/1222 1225/1225/1225
f 1232/1230/1230 1231/1229/1229 1229/1231/1231
f 1233/1232/1232 1231/1229/1229 1232/1230/1230
f 1229/1231/1231 1231/1229/1229 1225/1225/1225
f 1229/1231/1231 1225/1225/1225 1230/1233/1233
f 1234/1234/1234 1226/1226/1226 1228/1228/1228
f 1234/1234/1234 1228/1228/1228 1235/1235/1235
f 1234/1234/1234 1233/1232/1232 1226/1226/1226
f 1236/1236/1236 1229/1231/1231 1237/1237/1237
f 1237/1237/1237 1229/1231/1231 1230/1233/1233
f 1233/1232/1232 1223/1223/1223 1222/1222/1222
f 1232/1230/1230 1226/1226/1226 1233/1232/1232
f 1231/1229/1229 1233/1232/1232 1222/1222/1222
f 1248/1238/1238 1238/1239/1239 1239/1240/1240
f 1248/1238/1238 1239/1240/1240 1240/1241/1241
f 1241/1242/1242 1242/1243/1243 1243/1244/1244
f 1241/1242/1242 1243/1244/1244 1244/1245/1245
f 1246/1246/1246 1248/1238/1238 1240/1241/1241
f 1246/1246/1246 1240/1241/1241 1245/1247/1247
f 1247/1248/1248 1246/1246/1246 1245/1247/1247
f 1249/1249/1249 1241/1242/1242 1244/1245/1245
f 1249/1249/1249 1248/1238/1238 1246/1246/1246
f 1249/1249/1249 1246/1246/1246 1241/1242/1242
f 1241/1242/1242 1246/1246/1246 1247/1248/1248
f 1241/1242/1242 1247/1248/1248 1242/1243/1243
f 1250/1250/1250 1247/1248/1248 1245/1247/1247
f 1250/1250/1250 1245/1247/1247 1251/1251/1251
f 1262/1252/1252 1252/1253/1253 1253/1254/1254
f 1254/1255/1255 1255/1256/1256 1256/1257/1257
f 1254/1255/1255 1256/1257/1257 1257/1258/1258
f 1260/1259/1259 1262/1252/1252 1259/1260/1260
f 1254/1255/1255 1260/1259/1259 1261/1261/1261
f 1262/1252/1252 1260/1259/1259 1254/1255/1255
f 1258/1262/1262 1260/1259/1259 1259/1260/1260
f 1263/1263/1263 1254/1255/1255 1257/1258/1258
f 1261/1261/1261 1260/1259/1259 1258/1262/1262
f 1264/1264/1264 1261/1261/1261 1265/1265/1265
f 1263/1263/1263 1262/1252/1252 1254/1255/1255
f 1265/1265/1265 1261/1261/1261 1258/1262/1262
f 1265/1265/1265 1258/1262/1262 1266/1266/1266
f 1262/1252/1252 1253/1254/1254 1259/1260/1260
f 1262/1252/1252 1267/1267/1267 1252/1253/1253
f 1268/1268/1268 1269/1269/1269 1270/1270/1270
f 1271/1271/1271 1272/1272/1272 1273/1273/1273
f 1271/1271/1271 1273/1273/1273 1274/1274/1274
f 1279/1275/1275 1268/1268/1268 1277/1276/1276
f 1278/1277/1277 1279/1275/1275 1280/1278/1278
f 1275/1279/1279 1279/1275/1275 1277/1276/1276
f 1275/1279/1279 1277/1276/1276 1276/1280/1280
f 1281/1281/1281 1271/1271/1271 1274/1274/1274
f 1281/1281/1281 1278/1277/1277 1271/1271/1271
f 1271/1271/1271 1278/1277/1277 1280/1278/1278
f 1271/1271/1271 1280/1278/1278 1272/1272/1272
f 1282/1282/1282 1275/1279/1279 1276/1280/1280
f 1282/1282/1282 1276/1280/1280 1283/1283/1283
f 1268/1268/1268 1270/1270/1270 1277/1276/1276
f 1284/1284/1284 1280/1278/1278 1275/1279/1279
f 1284/1284/1284 1275/1279/1279 1282/1282/1282
f 1278/1277/1277 1269/1269/1269 1268/1268/1268
f 1279/1275/1275 1278/1277/1277 1268/1268/1268
f 1280/1278/1278 1279/1275/1275 1275/1279/1279
f 1285/1285/1285 1286/1286/1286 1287/1287/1287
f 1288/1288/1288 1289/1289/1289 1290/1290/1290
f 1295/1291/1291 1285/1285/1285 1293/1292/1292
f 1294/1293/1293 1295/1291/1291 1291/1294/1294
f 1296/1295/1295 1295/1291/1291 1294/1293/1293
f 1291/1294/1294 1295/1291/1291 1293/1292/1292
f 1291/1294/1294 1293/1292/1292 1292/1296/1296
f 1297/1297/1297 1296/1295/1295 1294/1293/1293
f 1297/1297/1297 1294/1293/1293 1289/1289/1289
f 1298/1298/1298 1291/1294/1294 1292/1296/1296
f 1298/1298/1298 1292/1296/1296 1299/1299/1299
f 1295/1291/1291 1286/1286/1286 1285/1285/1285
f 1297/1297/1297 1289/1289/1289 1288/1288/1288
f 1302/1300/1300 1303/1301/1301 1304/1302/1302
f 1305/1303/1303 1306/1304/1304 1311/1305/1305
f 1307/1306/1306 1308/1307/1307 1312/1308/1308
f 1309/1309/1309 1310/1310/1310 1311/1305/1305
f 1309/1309/1309 1311/1305/1305 1312/1308/1308
f 1311/1305/1305 1306/1304/1304 1307/1306/1306
f 1302/1300/1300 1313/1311/1311 1303/1301/1301
f 1302/1300/1300 1304/1302/1302 1310/1310/1310
f 1314/1312/1312 1315/1313/1313 1306/1304/1304
f 1314/1312/1312 1306/1304/1304 1305/1303/1303
f 1312/1308/1308 1308/1307/1307 1301/1314/1314
f 1312/1308/1308 1301/1314/1314 1300/1315/1315
f 1312/1308/1308 1300/1315/1315 1316/1316/1316
f 1309/1309/1309 1302/1300/1300 1310/1310/1310
f 1311/1305/1305 1307/1306/1306 1312/1308/1308
f 1317/1317/1317 1318/1318/1318 1319/1319/1319
f 1320/1320/1320 1321/1321/1321 1322/1322/1322
f 1320/1320/1320 1322/1322/1322 1323/1323/1323
f 1324/1324/1324 1330/1325/1325 1325/1326/1326
f 1326/1327/1327 1329/1328/1328 1327/1329/1329
f 1328/1330/1330 1329/1328/1328 1330/1325/1325
f 1330/1325/1325 1326/1327/1327 1325/1326/1326
f 1320/1320/1320 1323/1323/1323 1331/1331/1331
f 1328/1330/1330 1330/1325/1325 1321/1321/1321
f 1332/1332/1332 1324/1324/1324 1325/1326/1326
f 1332/1332/1332 1325/1326/1326 1333/1333/1333
f 1329/1328/1328 1317/1317/1317 1319/1319/1319
f 1329/1328/1328 1319/1319/1319 1327/1329/1329
f 1329/1328/1328 1334/1334/1334 1317/1317/1317
f 1328/1330/1330 1321/1321/1321 1320/1320/1320
f 1330/1325/1325 1329/1328/1328 1326/1327/1327
f 1335/1335/1335 1336/1336/1336 1337/1337/1337
f 1335/1335/1335 1337/1337/1337 1338/1338/1338
f 1339/1339/1339 1340/1340/1340 1341/1341/1341
f 1339/1339/1339 1341/1341/1341 1342/1342/1342
f 1345/1343/1343 1346/1344/1344 1347/1345/1345
f 1347/1345/1345 1344/1346/1346 1343/1347/1347
f 1348/1348/1348 1339/1339/1339 1342/1342/1342
f 1349/1349/1349 1347/1345/1345 1343/1347/1347
f 1348/1348/1348 1345/1343/1343 1339/1339/1339
f 1339/1339/1339 1345/1343/1343 1347/1345/1345
f 1339/1339/1339 1347/1345/1345 1350/1350/1350
f 1346/1344/1344 1335/1335/1335 1338/1338/1338
f 1346/1344/1344 1338/1338/1338 1344/1346/1346
f 1339/1339/1339 1350/1350/1350 1340/1340/1340
f 1347/1345/1345 1346/1344/1344 1344/1346/1346
f 1351/1351/1351 1352/1352/1352 1353/1353/1353
f 1354/1354/1354 1355/1355/1355 1356/1356/1356
f 1357/1357/1357 1358/1358/1358 1359/1359/1359
f 1361/1360/1360 1362/1361/1361 1354/1354/1354
f 1360/1362/1362 1362/1361/1361 1358/1358/1358
f 1357/1357/1357 1360/1362/1362 1358/1358/1358
f 1362/1361/1361 1355/1355/1355 1354/1354/1354
f 1363/1363/1363 1352/1352/1352 1351/1351/1351
f 1362/1361/1361 1363/1363/1363 1351/1351/1351
f 1362/1361/1361 1351/1351/1351 1358/1358/1358
f 1362/1361/1361 1360/1362/1362 1355/1355/1355
f 1364/1364/1364 1360/1362/1362 1357/1357/1357
f 1373/1365/1365 1365/1366/1366 1366/1367/1367
f 1373/1365/1365 1366/1367/1367 1367/1368/1368
f 1375/1369/1369 1373/1365/1365 1367/1368/1368
f 1371/1370/1370 1375/1369/1369 1367/1368/1368
f 1374/1371/1371 1368/1372/1372 1369/1373/1373
f 1374/1371/1371 1375/1369/1369 1368/1372/1372
f 1372/1374/1374 1375/1369/1369 1371/1370/1370
f 1370/1375/1375 1372/1374/1374 1371/1370/1370
f 1375/1369/1369 1376/1376/1376 1368/1372/1372
f 1377/1377/1377 1370/1375/1375 1371/1370/1370
f 1375/1369/1369 1372/1374/1374 1376/1376/1376
f 1373/1365/1365 1375/1369/1369 1374/1371/1371
f 1378/1378/1378 1379/1379/1379 1380/1380/1380
f 1383/1381/1381 1384/1382/1382 1385/1383/1383
f 1384/1382/1382 1388/1384/1384 1378/1378/1378
f 1388/1384/1384 1387/1385/1385 1386/1386/1386
f 1389/1387/1387 1386/1386/1386 1381/1388/1388
f 1387/1385/1385 1388/1384/1384 1384/1382/1382
f 1383/1381/1381 1387/1385/1385 1384/1382/1382
f 1386/1386/1386 1390/1389/1389 1382/1390/1390
f 1386/1386/1386 1382/1390/1390 1381/1388/1388
f 1391/1391/1391 1379/1379/1379 1378/1378/1378
f 1388/1384/1384 1391/1391/1391 1378/1378/1378
f 1392/1392/1392 1383/1381/1381 1385/1383/1383
f 1393/1393/1393 1387/1385/1385 1383/1381/1381
f 1388/1384/1384 1386/1386/1386 1389/1387/1387
f 1406/1394/1394 1394/1395/1395 1395/1396/1396
f 1396/1397/1397 1397/1398/1398 1398/1399/1399
f 1396/1397/1397 1398/1399/1399 1399/1400/1400
f 1400/1401/1401 1404/1402/1402 1402/1403/1403
f 1400/1401/1401 1402/1403/1403 1401/1404/1404
f 1403/1405/1405 1404/1402/1402 1405/1406/1406
f 1404/1402/1402 1403/1405/1405 1402/1403/1403
f 1407/1407/1407 1396/1397/1397 1399/1400/1400
f 1407/1407/1407 1406/1394/1394 1403/1405/1405
f 1407/1407/1407 1403/1405/1405 1396/1397/1397
f 1396/1397/1397 1403/1405/1405 1405/1406/1406
f 1396/1397/1397 1405/1406/1406 1397/1398/1398
f 1408/1408/1408 1400/1401/1401 1401/1404/1404
f 1403/1405/1405 1406/1394/1394 1395/1396/1396
f 1403/1405/1405 1395/1396/1396 1402/1403/1403
f 1406/1394/1394 1409/1409/1409 1394/1395/1395
f 1419/1410/1410 1410/1411/1411 1411/1412/1412
f 1414/1413/1413 1420/1414/1414 1415/1415/1415
f 1418/1416/1416 1419/1410/1410 1420/1414/1414
f 1420/1414/1414 1416/1417/1417 1417/1418/1418
f 1420/1414/1414 1417/1418/1418 1415/1415/1415
f 1421/1419/1419 1412/1420/1420 1422/1421/1421
f 1421/1419/1419 1423/1422/1422 1412/1420/1420
f 1423/1422/1422 1413/1423/1423 1412/1420/1420
f 1421/1419/1419 1419/1410/1410 1418/1416/1416
f 1421/1419/1419 1418/1416/1416 1423/1422/1422
f 1424/1424/1424 1414/1413/1413 1415/1415/1415
f 1424/1424/1424 1415/1415/1415 1425/1425/1425
f 1416/1417/1417 1419/1410/1410 1411/1412/1412
f 1416/1417/1417 1411/1412/1412 1417/1418/1418
f 1426/1426/1426 1414/1413/1413 1424/1424/1424
f 1420/1414/1414 1419/1410/1410 1416/1417/1417
f 1427/1427/1427 1428/1428/1428 1429/1429/1429
f 1430/1430/1430 1431/1431/1431 1432/1432/1432
f 1433/1433/1433 1438/1434/1434 1434/1435/1435
f 1437/1436/1436 1429/1429/1429 1435/1437/1437
f 1436/1438/1438 1437/1436/1436 1438/1434/1434
f 1439/1439/1439 1437/1436/1436 1436/1438/1438
f 1438/1434/1434 1437/1436/1436 1435/1437/1437
f 1438/1434/1434 1435/1437/1437 1434/1435/1435
f 1440/1440/1440 1430/1430/1430 1432/1432/1432
f 1427/1427/1427 1441/1441/1441 1428/1428/1428
f 1440/1440/1440 1439/1439/1439 1436/1438/1438
f 1440/1440/1440 1436/1438/1438 1430/1430/1430
f 1442/1442/1442 1433/1433/1433 1434/1435/1435
f 1442/1442/1442 1434/1435/1435 1443/1443/1443
f 1437/1436/1436 1427/1427/1427 1429/1429/1429
f 1444/1444/1444 1445/1445/1445 1446/1446/1446
f 1444/1444/1444 1446/1446/1446 1447/1447/1447
f 1448/1448/1448 1449/1449/1449 1450/1450/1450
f 1448/1448/1448 1450/1450/1450 1451/1451/1451
f 1454/1452/1452 1455/1453/1453 1456/1454/1454
f 1455/1453/1453 1452/1455/1455 1453/1456/1456
f 1457/1457/1457 1449/1449/1449 1448/1448/1448
f 1458/1458/1458 1452/1455/1455 1455/1453/1453
f 1457/1457/1457 1448/1448/1448 1454/1452/1452
f 1448/1448/1448 1459/1459/1459 1455/1453/1453
f 1448/1448/1448 1455/1453/1453 1454/1452/1452
f 1456/1454/1454 1453/1456/1456 1445/1445/1445
f 1456/1454/1454 1445/1445/1445 1444/1444/1444
f 1448/1448/1448 1451/1451/1451 1459/1459/1459
f 1455/1453/1453 1453/1456/1456 1456/1454/1454
f 1462/1460/1460 1463/1461/1461 1464/1462/1462
f 1465/1463/1463 1466/1464/1464 1468/1465/1465
f 1471/1466/1466 1468/1465/1465 1469/1467/1467
f 1470/1468/1468 1471/1466/1466 1469/1467/1467
f 1468/1465/1465 1466/1464/1464 1467/1469/1469
f 1470/1468/1468 1462/1460/1460 1471/1466/1466
f 1468/1465/1465 1467/1469/1469 1469/1467/1467
f 1471/1466/1466 1462/1460/1460 1464/1462/1462
f 1469/1467/1467 1460/1470/1470 1461/1471/1471
f 1469/1467/1467 1461/1471/1471 1472/1472/1472
f 1469/1467/1467 1467/1469/1469 1460/1470/1470
f 1473/1473/1473 1466/1464/1464 1465/1463/1463
f 1474/1474/1474 1475/1475/1475 1476/1476/1476
f 1479/1477/1477 1480/1478/1478 1481/1479/1479
f 1484/1480/1480 1481/1479/1479 1474/1474/1474
f 1483/1481/1481 1478/1482/1482 1477/1483/1483
f 1483/1481/1481 1477/1483/1483 1484/1480/1480
f 1482/1484/1484 1481/1479/1479 1484/1480/1480
f 1479/1477/1477 1481/1479/1479 1482/1484/1484
f 1484/1480/1480 1477/1483/1483 1485/1485/1485
f 1486/1486/1486 1480/1478/1478 1479/1477/1477
f 1474/1474/1474 1481/1479/1479 1475/1475/1475
f 1483/1481/1481 1474/1474/1474 1476/1476/1476
f 1484/1480/1480 1485/1485/1485 1482/1484/1484
f 1484/1480/1480 1474/1474/1474 1483/1481/1481
f 1487/1487/1487 1488/1488/1488 1489/1489/1489
f 1492/1490/1490 1493/1491/1491 1494/1492/1492
f 1494/1492/1492 1487/1487/1487 1497/1493/1493
f 1497/1493/1493 1495/1494/1494 1496/1495/1495
f 1498/1496/1496 1490/1497/1497 1495/1494/1494
f 1496/1495/1495 1494/1492/1492 1497/1493/1493
f 1492/1490/1490 1494/1492/1492 1496/1495/1495
f 1495/1494/1494 1490/1497/1497 1491/1498/1498
f 1495/1494/1494 1491/1498/1498 1499/1499/1499
f 1500/1500/1500 1487/1487/1487 1489/1489/1489
f 1497/1493/1493 1487/1487/1487 1500/1500/1500
f 1501/1501/1501 1493/1491/1491 1492/1490/1490
f 1502/1502/1502 1492/1490/1490 1496/1495/1495
f 1497/1493/1493 1498/1496/1496 1495/1494/1494
f 1515/1503/1503 1503/1504/1504 1504/1505/1505
f 1505/1506/1506 1506/1507/1507 1507/1508/1508
f 1505/1506/1506 1507/1508/1508 1508/1509/1509
f 1509/1510/1510 1510/1511/1511 1511/1512/1512
f 1509/1510/1510 1511/1512/1512 1513/1513/1513
f 1513/1513/1513 1511/1512/1512 1512/1514/1514
f 1516/1515/1515 1506/1507/1507 1505/1506/1506
f 1516/1515/1515 1505/1506/1506 1513/1513/1513
f 1516/1515/1515 1513/1513/1513 1515/1503/1503
f 1505/1506/1506 1508/1509/1509 1514/1516/1516
f 1505/1506/1506 1514/1516/1516 1513/1513/1513
f 1517/1517/1517 1510/1511/1511 1509/1510/1510
f 1512/1514/1514 1511/1512/1512 1503/1504/1504
f 1512/1514/1514 1503/1504/1504 1515/1503/1503
f 1515/1503/1503 1504/1505/1505 1518/1518/1518
f 1513/1513/1513 1512/1514/1514 1515/1503/1503
f 1529/1519/1519 1519/1520/1520 1520/1521/1521
f 1523/1522/1522 1524/1523/1523 1528/1524/1524
f 1527/1525/1525 1528/1524/1524 1529/1519/1519
f 1528/1524/1524 1524/1523/1523 1526/1526/1526
f 1528/1524/1524 1526/1526/1526 1525/1527/1527
f 1530/1528/1528 1531/1529/1529 1521/1530/1530
f 1530/1528/1528 1521/1530/1530 1532/1531/1531
f 1532/1531/1531 1521/1530/1530 1522/1532/1532
f 1530/1528/1528 1532/1531/1531 1527/1525/1525
f 1530/1528/1528 1527/1525/1525 1529/1519/1519
f 1533/1533/1533 1534/1534/1534 1524/1523/1523
f 1533/1533/1533 1524/1523/1523 1523/1522/1522
f 1525/1527/1527 1526/1526/1526 1519/1520/1520
f 1525/1527/1527 1519/1520/1520 1529/1519/1519
f 1535/1535/1535 1533/1533/1533 1523/1522/1522
f 1528/1524/1524 1525/1527/1527 1529/1519/1519
f 1536/1536/1536 1537/1537/1537 1538/1538/1538
f 1539/1539/1539 1540/1540/1540 1541/1541/1541
f 1542/1542/1542 1543/1543/1543 1546/1544/1544
f 1547/1545/1545 1544/1546/1546 1537/1537/1537
f 1545/1547/1547 1546/1544/1544 1547/1545/1545
f 1548/1548/1548 1545/1547/1547 1547/1545/1545
f 1546/1544/1544 1543/1543/1543 1544/1546/1546
f 1546/1544/1544 1544/1546/1546 1547/1545/1545
f 1549/1549/1549 1540/1540/1540 1539/1539/1539
f 1536/1536/1536 1538/1538/1538 1550/1550/1550
f 1549/1549/1549 1539/1539/1539 1545/1547/1547
f 1549/1549/1549 1545/1547/1547 1548/1548/1548
f 1551/1551/1551 1552/1552/1552 1543/1543/1543
f 1551/1551/1551 1543/1543/1543 1542/1542/1542
f 1547/1545/1545 1537/1537/1537 1536/1536/1536
